순번,단지명,사업자등록번호,전화번호,종업원수,생산품,공장대표주소(도로명),업종명,기준일자
1,춘천후평일반산업단지,4200902355,033-250-4051,1,건축 및 산업용 수성도료,"강원특별자치도 춘천시 후석로420번길 7,(후평동) 1동 4층 430호",일반용 도료 및 관련제품 제조업,2025-02-06
2,춘천퇴계농공단지,2218138626,,9,"배전반, 전기자동제어반",강원특별자치도 춘천시 퇴계공단1길 58 (퇴계동),방송장비 제조업 외 3 종,2025-02-06
3,춘천도시첨단문화산업단지,2218205947,,118,"학술연구용역, 연구 및 개발업, 비거주용 건물 임대업",강원특별자치도 춘천시 서면 박사로 880 (서면),경제 및 경영학 연구개발업 외 1 종,2025-02-06
4,춘천도시첨단문화산업단지,2218209598,,75,박물관 운영,강원특별자치도 춘천시 서면 박사로 854 강원정보문화진흥원,박물관 운영업,2025-02-06
5,춘천후평일반산업단지,2218209813,033-250-4225,67,유산균.미생물.,"강원특별자치도 춘천시 소양강로 32, 춘천바이오타운 1~3동 (후평동)",생물학적 제제 제조업 외 3 종,2025-02-06
6,춘천후평일반산업단지,2218209813,,67,바이오칩,"강원특별자치도 춘천시 소양강로 56, 4~5동 (후평동) 4~5동",완제 의약품 제조업 외 1 종,2025-02-06
7,춘천후평일반산업단지,2218209813,033-250-4225,14,체외진단 의료기기,강원특별자치도 춘천시 후석로462번길 11 (후평동),의료용품 및 기타 의약 관련제품 제조업,2025-02-06
8,춘천후평일반산업단지,2218143100,070-8895-7342,19,항공측량,"강원특별자치도 춘천시 후석로462번길 7, 3층 301호 (후평동) 3층 301호 외 2필지",측량업 외 1 종,2025-02-06
9,춘천퇴계농공단지,2218146413,,46,콘크리트맨홀,강원특별자치도 춘천시 퇴계공단1길 51 (퇴계동),방송장비 제조업 외 5 종,2025-02-06
10,춘천후평일반산업단지,2218105601,033-0250-4813,163,신문발행업,"강원특별자치도 춘천시 후석로462번길 22 (후평동, 강원도민일보사)",신문 발행업,2025-02-06
11,춘천후평일반산업단지,2218105601,070-8895-7342,11,출판,"강원특별자치도 춘천시 후석로462번길 7, 4층 414호 (후평동) 4층 414호 외 1필지",교과서 및 학습서적 출판업 외 3 종,2025-02-06
12,춘천퇴계농공단지,2218100187,070-8895-7342,145,"신문, 도서, 종이제품(봉투 등)",강원특별자치도 춘천시 퇴계공단길 58 (퇴계동),기타 인쇄업 외 2 종,2025-02-06
13,춘천퇴계농공단지,1598800431,,10,"해커, 응삼이","강원특별자치도 춘천시 퇴계농공로 79, 고려바이오연구소 (퇴계동, (주)대원산업)",복합비료 및 기타 화학비료 제조업 외 2 종,2025-02-06
14,춘천후평일반산업단지,2218130338,070-8895-7342,1,인쇄,강원특별자치도 춘천시 후석로462번길 7 (후평동) 4층 409호,경 인쇄업,2025-02-06
15,춘천퇴계농공단지,2218130338,070-8895-7342,3,간판,"강원특별자치도 춘천시 퇴계공단1길 5 (퇴계동, (주)대성산업춘천공장)",간판 및 광고물 제조업 외 3 종,2025-02-06
16,춘천퇴계농공단지,3808701492,070-8895-7342,7,육류포장,강원특별자치도 춘천시 퇴계공단1길 16 (퇴계동),육류 포장육 및 냉동육 가공업 (가금류 제외) 외 1 종,2025-02-06
17,춘천후평일반산업단지,2218147746,033-250-4452,3,수제비누,"강원특별자치도 춘천시 후석로420번길 7,(후평동) 1동 7층 725호","치약, 비누 및 기타 세제 제조업",2025-02-06
18,춘천후평일반산업단지,8078601495,033-250-4051,0,기체여과기,"강원특별자치도 춘천시 후석로420번길 7, (후평동) 1동 3층 323호",기체 여과기 제조업,2025-02-06
19,춘천후평일반산업단지,7288702499,070-8895-7342,4,S/W개발,"강원특별자치도 춘천시 후석로462번길 7, 3층 307호 (후평동) 3층 307호",응용 소프트웨어 개발 및 공급업,2025-02-06
20,춘천후평일반산업단지,2218140141,033-250-3647,13,소프트웨어 개발 및 공급,"강원특별자치도 춘천시 후석로420번길 7,(후평동) 1동 9층 920호",응용 소프트웨어 개발 및 공급업,2025-02-06
21,춘천거두농공단지,,033-250-4051,7,친환경유기농자재,강원특별자치도 춘천시 동내면 거두단지1길 29,복합비료 및 기타 화학비료 제조업 외 3 종,2025-02-06
22,춘천후평일반산업단지,2218131884,033-250-3361,6,친환경농자재,"강원특별자치도 춘천시 소양강로 32, 춘천바이오산업진흥원 411호 (후평동)",복합비료 및 기타 화학비료 제조업 외 1 종,2025-02-06
23,춘천후평일반산업단지,,070-8895-7342,11,"의료기기, 의료용s/w","강원특별자치도 춘천시 후석로462번길 7, 2층 209호 (후평동) 2층 209호",그 외 기타 의료용 기기 제조업 외 1 종,2025-02-06
24,춘천동춘천일반산업단지,,070-8895-7349,38,"황기추출물, 헛개나무병추출분말등",,건강기능식품 제조업,2025-02-06
25,춘천후평일반산업단지,1948602194,070-8895-7342,1,연구개발,"강원특별자치도 춘천시 소양강로 56, 5동 3층 304호  (후평동)","물리, 화학 및 생물학 연구개발업",2025-02-06
26,춘천후평일반산업단지,5328600495,,4,"포장육, 양념육",강원특별자치도 춘천시 공단로 49 (후평동),육류 포장육 및 냉동육 가공업 (가금류 제외) 외 1 종,2025-02-06
27,춘천후평일반산업단지,2218146373,,12,화장품,"강원특별자치도 춘천시 소양강로 56, 5동 2층 205 (후평동, 춘천바이오벤처프라자) 5동 2층 205호",화장품 제조업,2025-02-06
28,춘천후평일반산업단지,2218500981,,10,경운기,"강원특별자치도 춘천시 삭주로145번길 73 (후평동, 대동공업주식회사)",농업 및 임업용 기계 제조업,2025-02-06
29,춘천후평일반산업단지,1148800078,033-250-3647,8,측량,"강원특별자치도 춘천시 후석로420번길 7,(후평동) 1동 7층 715호",측량업,2025-02-06
30,춘천후평일반산업단지,6148602776,070-8895-7342,13,s/w개발,"강원특별자치도 춘천시 후석로462번길 7, 3층 304호 (후평동) 3층 304호 외 1필지",시스템 소프트웨어 개발 및 공급업,2025-02-06
31,춘천후평일반산업단지,2538800295,033-250-3655,0,건축 적산,"강원특별자치도 춘천시 소양강로 10, 1동 6층 609호 (후평동) 1동 6층 609호",건축설계 및 관련 서비스업,2025-02-06
32,춘천수동농공단지,1298175626,033-250-4813,52,소프트웨어 자문 및 개발업,강원특별자치도 춘천시 남산면 버들1길 130,컴퓨터시스템 통합 자문 및 구축 서비스업,2025-02-06
33,춘천수동농공단지,1348108473,033-250-3361,198,기록매체복제,강원특별자치도 춘천시 남산면 버들1길 130,기록매체 복제업,2025-02-06
34,춘천수동농공단지,1078635992,,0,erp개발 및 판매,"강원특별자치도 춘천시 남산면 버들1길 130, 4층",컴퓨터시스템 통합 자문 및 구축 서비스업,2025-02-06
35,춘천후평일반산업단지,2218118561,070-8895-7349,0,"가축사료첨가제, 유기농업첨가제",강원특별자치도 춘천시 후석로462번길 21 (후평동),단미 사료 및 기타 사료 제조업 외 4 종,2025-02-06
36,춘천후평일반산업단지,2212682220,033-250-3088,25,침구류,강원특별자치도 춘천시 후석로462번길 29 (후평동),침구 및 관련제품 제조업,2025-02-06
37,춘천퇴계농공단지,2638102423,070-8895-7342,5,"계장제어장치, 빌딩자동제어장치, 프로세스제어반",강원특별자치도 춘천시 퇴계농공로 116 (퇴계동),배전반 및 전기 자동제어반 제조업 외 1 종,2025-02-06
38,춘천퇴계농공단지,4618100392,033-0250-4813,7,핫멜트 접착제,"강원특별자치도 춘천시 퇴계공단길 48 (퇴계동, (주)동덕)",접착제 및 젤라틴 제조업,2025-02-06
39,춘천후평일반산업단지,2218104733,033-250-3655,0,토목 설계,"강원특별자치도 춘천시 소양강로 10, (후평동) 1동 5층 522호",건물 및 토목 엔지니어링 서비스업,2025-02-06
40,춘천후평일반산업단지,1018704542,070-8895-7342,1,"시스템구축, 연구개발","강원특별자치도 춘천시 후석로462번길 7, 3층 308호 (후평동) 3층 308호",컴퓨터시스템 통합 자문 및 구축 서비스업 외 1 종,2025-02-06
41,춘천창촌농공단지,2218106371,033-250-3092,19,건물 부착용 금속공,강원특별자치도 춘천시 남산면 보매기길 65,구조용 금속 판제품 및 공작물 제조업 외 7 종,2025-02-06
42,춘천퇴계농공단지,2218139794,033-250-3088,6,전기회로,강원특별자치도 춘천시 퇴계공단1길 57 (퇴계동),메모리용 전자집적회로 제조업 외 5 종,2025-02-06
43,춘천후평일반산업단지,5038802790,070-8895-7342,6,살균장치,"강원특별자치도 춘천시 후석로462번길 7, 3층 314호 (후평동) 3층 314호",그 외 기타 의료용 기기 제조업,2025-02-06
44,춘천창촌농공단지,1328120296,033-0250-4813,31,"리본테이프, 헤어악세사리 외",강원특별자치도 춘천시 남산면 보매기길 64,그 외 기타 분류 안된 섬유제품 제조업,2025-02-06
45,춘천후평일반산업단지,2398602314,033-250-3655,0,"드라마, 영화","강원특별자치도 춘천시 소양강로 10, (후평동) 1동 4층 420호",일반 영화 및 비디오물 제작업,2025-02-06
46,춘천후평일반산업단지,7688700150,033-250-4452,6,철도신호용품,"강원특별자치도 춘천시 후석로420번길 7,(후평동) 1동 4층 405호",철도차량 부품 및 관련 장치물 제조업,2025-02-06
47,춘천퇴계농공단지,2218132210,033-250-4051,18,"조명기구,가로등주","강원특별자치도 춘천시 퇴계공단1길 56-9 (퇴계동, (주)태창화학)",일반용 전기 조명장치 제조업 외 9 종,2025-02-06
48,춘천후평일반산업단지,5358601377,033-250-4051,10,태양광발전기시공 중 구조물제작,"강원특별자치도 춘천시 후석로420번길 7,(후평동) 1동 4층 424호 외 1필지",그 외 기타 금속가공업,2025-02-06
49,춘천후평일반산업단지,2218116850,033-250-4225,28,화장품,"강원특별자치도 춘천시 공단로 13 (후평동, 대봉종합식품)",화장품 제조업,2025-02-06
50,춘천거두농공단지,2218121329,,30,화장품,강원특별자치도 춘천시 동내면 거두단지1길 31,화장품 제조업,2025-02-06
51,춘천후평일반산업단지,2218141043,033-250-4225,6,X-ray 발생장치,"강원특별자치도 춘천시 삭주로145번길 69-14 (후평동, 벤처비지니스 살롱)",방사선 장치 제조업 외 1 종,2025-02-06
52,춘천도시첨단문화산업단지,2218141043,033-250-4225,31,의료기기,강원특별자치도 춘천시 서면 금산리 1010번지,의학 및 약학 연구개발업 외 5 종,2025-02-06
53,춘천도시첨단문화산업단지,2218141043,033-250-4225,31,의료기기,강원특별자치도 춘천시 서면 금산리 987번지,의학 및 약학 연구개발업 외 5 종,2025-02-06
54,춘천후평일반산업단지,7788801677,070-8895-7342,6,"울타리 재료 및 제품, 제재된 목재(목제데크재) 등, 교량난간 외","강원특별자치도 춘천시 후석로462번길 15, D동 101호 (후평동)",구조용 금속 판제품 및 공작물 제조업 외 4 종,2025-02-06
55,춘천후평일반산업단지,2228603052,070-8895-7342,4,"시스템구축, s/w개발","강원특별자치도 춘천시 후석로462번길 7, 3층 311호 (후평동) 3층 311호",컴퓨터 프로그래밍 서비스업 외 1 종,2025-02-06
56,춘천후평일반산업단지,2218116748,033-250-3092,17,"나노클래어-지와이,OP9(화장품)","강원특별자치도 춘천시 소양강로 32,  하이테크벤쳐타운 바이오 2 101,102 (후평동)",생물학적 제제 제조업 외 1 종,2025-02-06
57,남춘천일반산업단지,2218116748,070-8895-7349,7,"화장품, 화장품원료, 의약품원료, 건강식품",,화장품 제조업 외 2 종,2025-02-06
58,춘천후평일반산업단지,2218137893,033-250-4225,19,"침구,가방,홈패션",강원특별자치도 춘천시 후석로420번길 26 (후평동),침구 및 관련제품 제조업 외 1 종,2025-02-06
59,남춘천일반산업단지,2218142493,070-8895-7342,13,"폴리우레탄커버, 건강식품, 식품소재, 식품첨가물",강원특별자치도 춘천시 동산면 종자리로 33-30,건강기능식품 제조업 외 2 종,2025-02-06
60,춘천후평일반산업단지,2738101912,070-8895-7342,3,"조립형전자키트, 조립형전자키트","강원특별자치도 춘천시 후석로462번길 7, 3층 313호 (후평동) 3층 313호",인형 및 장난감 제조업,2025-02-06
61,춘천후평일반산업단지,2418102856,070-8895-7349,3,"자전거보관대, 조립식구조물, 알루미늄교량난간 등","강원특별자치도 춘천시 후석로462번길 21, 4동 1호 (후평동)",구조용 금속 판제품 및 공작물 제조업,2025-02-06
62,춘천후평일반산업단지,5028154689,033-250-3361,9,진단기기(HPV9G DNA CHIP KIT),"강원특별자치도 춘천시 소양강로 56, 바이오벤처프라자 2-3 (후평동)",의료용품 및 기타 의약 관련제품 제조업,2025-02-06
63,춘천퇴계농공단지,2218141913,033-0250-4813,6,"간판 및 광고물제조, 경인쇄업, 건축용나무제품,금속공작물 등",강원특별자치도 춘천시 퇴계공단1길 54 (퇴계동),간판 및 광고물 제조업 외 9 종,2025-02-06
64,춘천퇴계농공단지,1288133093,070-8895-7349,119,치과용 충전재,강원특별자치도 춘천시 퇴계공단1길 48 (퇴계동),의료용품 및 기타 의약 관련제품 제조업 외 1 종,2025-02-06
65,춘천후평일반산업단지,,070-8895-7342,1,치과치료제개발,"강원특별자치도 춘천시 소양강로 32, 춘천바이오타운 1~3동 (후평동)",의학 및 약학 연구개발업,2025-02-06
66,춘천퇴계농공단지,,070-8895-7349,40,홈메이드이유식,강원특별자치도 춘천시 퇴계농공로 118 (퇴계동),도시락류 제조업 외 1 종,2025-02-06
67,춘천퇴계농공단지,1198139870,033-250-3655,10,유아식품,강원특별자치도 춘천시 퇴계공단1길 27 (퇴계동),도시락류 제조업 외 1 종,2025-02-06
68,춘천후평일반산업단지,1208704903,070-8895-7342,3,응용소프트웨어 개발,"강원특별자치도 춘천시 소양강로 10, (후평동) 1동 4층 424호",응용 소프트웨어 개발 및 공급업,2025-02-06
69,춘천후평일반산업단지,2218122954,,16,고철펠렛제품,강원특별자치도 춘천시 공단로70번길 11 (후평동),금속류 해체 및 선별업 외 1 종,2025-02-06
70,춘천퇴계농공단지,2218122482,033-250-4813,8,노즐,"강원특별자치도 춘천시 퇴계공단1길 56-16 (퇴계동, 메디코아펙스)","탭, 밸브 및 유사장치 제조업",2025-02-06
71,춘천거두농공단지,2218130323,033-250-3361,14,생체신호측정시스템,"강원특별자치도 춘천시 동내면 거두단지1길 27, (주)보템",전기식 진단 및 요법 기기 제조업,2025-02-06
72,춘천후평일반산업단지,8778802968,070-8895-7342,2,s/w개발,"강원특별자치도 춘천시 후석로462번길 7, 2층 211호 (후평동) 2층 211호",응용 소프트웨어 개발 및 공급업,2025-02-06
73,춘천후평일반산업단지,2218141233,033-250-3655,0,"영상제작, 사진","강원특별자치도 춘천시 후석로420번길 7, (후평동) 1동 8층 808호",일반 영화 및 비디오물 제작업,2025-02-06
74,춘천후평일반산업단지,,070-8895-7342,1,연구개발,"강원특별자치도 춘천시 소양강로 32, 춘천바이오타운 1~3동 (후평동)","물리, 화학 및 생물학 연구개발업",2025-02-06
75,춘천퇴계농공단지,1728800507,033-250-4813,1,미생물 자동 셀프 주입기 시스템,강원특별자치도 춘천시 퇴계공단1길 17 (퇴계동),기기용 자동측정 및 제어장치 제조업 외 1 종,2025-02-06
76,춘천퇴계농공단지,6618700413,033-250-3092,18,유아용 이유식,강원특별자치도 춘천시 퇴계공단1길 61-11 (퇴계동),수프 및 균질화식품 제조업,2025-02-06
77,춘천후평일반산업단지,2218121561,070-8895-7342,1,방송영상,"강원특별자치도 춘천시 후석로462번길 7, 2층 212호 (후평동) 2층 212호","영화, 비디오물 및 방송프로그램 제작 관련 서비스업",2025-02-06
78,퇴계제2농공단지,4518600823,070-8895-7349,9,일반용 전기조명 장치,강원특별자치도 춘천시 퇴계공단2길 57 (퇴계동),일반용 전기 조명장치 제조업 외 10 종,2025-02-06
79,춘천퇴계농공단지,2218100377,033-250-4813,1,창고업,"강원특별자치도 춘천시 퇴계농공로 93 (퇴계동, (주)새시대물류센타)",기타 보관 및 창고업,2025-02-06
80,춘천후평일반산업단지,2218142440,033-250-4051,4,인터렉티브 화이트보드,"강원특별자치도 춘천시 후석로420번길 7, 3층 304호(후평동) 3층 304호 3층 304호",기타 주변기기 제조업,2025-02-06
81,춘천후평일반산업단지,2218142440,070-8895-7342,5,전자화이트보드,"강원특별자치도 춘천시 후석로462번길 7, 4층 419호 (후평동) 4층 419호 외 1필지",기타 주변기기 제조업,2025-02-06
82,춘천퇴계농공단지,2218140874,070-8895-7349,11,"구조용 금속 판제품, 주방후드","강원특별자치도 춘천시 퇴계공단1길 83 (퇴계동, 새한공조닥트)",구조용 금속 판제품 및 공작물 제조업 외 14 종,2025-02-06
83,춘천퇴계농공단지,2218139611,033-250-4225,24,"광택패드, 세차용품 등","강원특별자치도 춘천시 퇴계공단1길 69, 외 1필지(퇴계동 857-6/857-5번지) (퇴계동)",그 외 기타 달리 분류되지 않은 제품 제조업,2025-02-06
84,퇴계제2농공단지,5098106612,070-8895-7349,5,"전분제품, 양념소스 등",강원특별자치도 춘천시 퇴계공단2길 40 (퇴계동),전분제품 및 당류 제조업 외 2 종,2025-02-06
85,춘천퇴계농공단지,8728602519,033-250-4225,0,호퍼,강원특별자치도 춘천시 퇴계공단1길 56-14(퇴계동),컨베이어장치 제조업 외 4 종,2025-02-06
86,춘천퇴계농공단지,,033-250-3655,8,배전판,"강원특별자치도 춘천시 퇴계농공로 116 (퇴계동, (주)성창)",배전반 및 전기 자동제어반 제조업 외 9 종,2025-02-06
87,춘천거두농공단지,2218128958,033-250-4051,24,"발효인삼(화장품소재), 갈락토미세스발효여과물, 화장품 완제품(외주가공)",강원특별자치도 춘천시 동내면 거두단지1길 50-1,화장품 제조업,2025-02-06
88,춘천후평일반산업단지,2248703093,070-8895-7349,5,포장 및 충전(화장품),"강원특별자치도 춘천시 후석로420번길 7, 2층 212호 (후평동) 2층 212호 외 2필지",포장 및 충전업,2025-02-06
89,춘천후평일반산업단지,1218547478,070-8895-7342,4,"앱개발, DB구축","강원특별자치도 춘천시 후석로462번길 7, 3층 316호 (후평동) 3층 316호",응용 소프트웨어 개발 및 공급업 외 1 종,2025-02-06
90,춘천후평일반산업단지,6978702555,070-8895-7342,2,의료기기,"강원특별자치도 춘천시 후석로462번길 7, 3층 319호 (후평동) 3층 319호",그 외 기타 의료용 기기 제조업,2025-02-06
91,춘천후평일반산업단지,2218134561,033-250-4051,4,화장품원료 (SE-Tripeptide),"강원특별자치도 춘천시 후석로420번길 7,(후평동) 1동 5층 523호 외 1필지",화장품 제조업,2025-02-06
92,춘천후평일반산업단지,2218127527,033-250-4452,2,"환경영향평가, 환경부지평가, 환경컨설팅, 해역이용평가 등","강원특별자치도 춘천시 후석로420번길 7,(후평동) 1동 8층 804호",환경 관련 엔지니어링 서비스업,2025-02-06
93,춘천후평일반산업단지,2148709256,033-250-4452,15,공연관련 산업 및 행사 대행,"강원특별자치도 춘천시 후석로420번길 7,(후평동) 1동 5층 511호","전시, 컨벤션 및 행사 대행업",2025-02-06
94,춘천후평일반산업단지,7968701891,033-250-4051,4,"UMB플랫폼, GNSS 플랫폼, GPS수신기","강원특별자치도 춘천시 후석로420번길 7,(후평동) 1동 3층 301호",그 외 기타 전자부품 제조업 외 1 종,2025-02-06
95,남춘천일반산업단지,1328609919,070-8895-7342,40,식물성 콩단백 식품,,두부 및 유사식품 제조업 외 1 종,2025-02-06
96,춘천후평일반산업단지,2218141572,070-8895-7342,3,"S/W개발, 홍보영상","강원특별자치도 춘천시 후석로462번길 7, 4층 407호 (후평동) 4층 407호",시스템 소프트웨어 개발 및 공급업 외 2 종,2025-02-06
97,춘천후평일반산업단지,1208192517,033-250-4225,2,"오징어연골 키토산, 프로폴리스",강원특별자치도 춘천시 후석로462번길 15 (후평동),건강보조용 액화식품 제조업 외 1 종,2025-02-06
98,춘천후평일반산업단지,,033-250-3655,23,안전진단관련 소프트웨어,"강원특별자치도 춘천시 소양강로 10, (후평동) 1동 4층 422호",기타 엔지니어링 서비스업 외 2 종,2025-02-06
99,춘천후평일반산업단지,2638101161,033-250-3647,3,경관 및 조경설계 엔지니어링 서비스,"강원특별자치도 춘천시 후석로420번길 7,(후평동) 1동 5층 512호",도시계획 및 조경설계 서비스업,2025-02-06
100,춘천후평일반산업단지,5078701423,070-8895-7342,12,S/W개발,"강원특별자치도 춘천시 후석로462번길 7, 4층 412호 (후평동) 4층 412호",응용 소프트웨어 개발 및 공급업,2025-02-06
101,춘천후평일반산업단지,8508701458,070-8895-7349,1,"비거주용 건물 개발 및 공급업, 비주거용 건물 임대업",강원특별자치도 춘천시 후석로420번길 7 (후평동),비주거용 건물 개발 및 공급업 외 1 종,2025-02-06
102,춘천창촌농공단지,1348140814,,20,전선,강원특별자치도 춘천시 남산면 보매기길 88,기타 절연선 및 케이블 제조업 외 1 종,2025-02-06
103,춘천거두농공단지,1388152743,070-8895-7349,42,의료기기(조직수복용생체재료),강원특별자치도 춘천시 동내면 거두단지1길 23,의료용품 및 기타 의약 관련제품 제조업,2025-02-06
104,춘천거두농공단지,1388152743,070-8895-7342,60,히알루론산 필러(의약품 원료),강원특별자치도 춘천시 동내면 거두단지길 34,의료용품 및 기타 의약 관련제품 제조업,2025-02-06
105,춘천후평일반산업단지,1188100687,,0,버섯배양물,"강원특별자치도 춘천시 후석로462번길 21, (주)아탑 (후평동)",생물학적 제제 제조업,2025-02-06
106,춘천후평일반산업단지,1288113103,,4,고철,"강원특별자치도 춘천시 삭주로145번길 85 (후평동, 안국폐차장)",금속류 해체 및 선별업 외 1 종,2025-02-06
107,춘천퇴계농공단지,1298153578,033-250-4813,11,일반창고업,"강원특별자치도 춘천시 퇴계공단1길 5 (퇴계동, (주)대성산업춘천공장)",일반 창고업,2025-02-06
108,춘천거두농공단지,2158193416,070-8895-7342,60,"동물약품, 보조사료, 단미사료, 살균제, 탈취제",강원특별자치도 춘천시 동내면 거두단지1길 39,배합 사료 제조업 외 4 종,2025-02-06
109,남춘천일반산업단지,2158193416,,0,"동물의약품, 단미사료, 보조사료",,단미 사료 및 기타 사료 제조업,2025-02-06
110,남춘천일반산업단지,2938700637,070-8895-7349,0,비제조업,,일반 창고업,2025-02-06
111,춘천퇴계농공단지,6038192201,033-250-3655,7,"벤치, 체력 운동기구","강원특별자치도 춘천시 퇴계공단1길 5, 103호(퇴계동)",기타 목재가구 제조업 외 2 종,2025-02-06
112,춘천거두농공단지,2238109243,070-8895-7349,2,화장품,강원특별자치도 춘천시 동내면 거두단지2길 30,화장품 제조업,2025-02-06
113,춘천퇴계농공단지,2218135880,033-0250-4813,6,"항온항습기, 전기보일러, 공조기",강원특별자치도 춘천시 퇴계공단1길 58 (퇴계동),공기 조화장치 제조업 외 2 종,2025-02-06
114,춘천후평일반산업단지,1628801310,033-250-3655,0,소프트웨어,"강원특별자치도 춘천시 소양강로 10, (후평동) 1동 3층 315호",컴퓨터시스템 통합 자문 및 구축 서비스업 외 2 종,2025-02-06
115,춘천후평일반산업단지,1528600324,070-8895-7342,1,연구개발,"강원특별자치도 춘천시 소양강로 56, 5동 3층 309호  (후평동)","물리, 화학 및 생물학 연구개발업",2025-02-06
116,춘천후평일반산업단지,2218115996,033-250-3361,10,"홍국-F, 건강보조식품","강원특별자치도 춘천시 소양강로 56, 춘천바이오벤처프라자3-6 (후평동)",건강보조용 액화식품 제조업 외 2 종,2025-02-06
117,남춘천일반산업단지,2218115996,,32,"화장품, 천연물발효기능성소재","강원특별자치도 춘천시 소양강로 56, 4동 3층 3-8 (후평동)",화장품 제조업 외 1 종,2025-02-06
118,춘천도시첨단문화산업단지,2218142789,070-8895-7342,10,"LED디스플레이보드, 태양전지가로등",강원특별자치도 춘천시 서면 박사로 898,기타 표시장치 제조업 외 5 종,2025-02-06
119,춘천퇴계농공단지,2218142789,033-250-3655,10,"LED전광판, LED제품, 건물번호판, 도로표지판류",강원특별자치도 춘천시 퇴계공단1길 41 (퇴계동),전시 및 광고용 조명장치 제조업 외 6 종,2025-02-06
120,춘천거두농공단지,5338100815,033-250-3655,0,"배전반 및 전기자동제어반 등, 전시 및 광고용 조명장치",강원특별자치도 춘천시 동내면 거두단지2길 24,배전반 및 전기 자동제어반 제조업 외 4 종,2025-02-06
121,춘천퇴계농공단지,2218116898,070-8895-7349,37,컴퓨터 헤드.하이브리드 가로등 및기기발전기,"강원특별자치도 춘천시 퇴계농공로 112 (퇴계동, (주)퓨처미디어)",그 외 기타 전자부품 제조업 외 7 종,2025-02-06
122,춘천후평일반산업단지,3958103001,070-8895-7349,1,"식품원료, 건기식원료, 화장품원료 등 연구개발","강원특별자치도 춘천시 소양강로 32, BIO-1동 313호, 215-2호, 2동 B101호 (후평동)",자연과학 및 공학 융합 연구개발업,2025-02-06
123,춘천거두농공단지,2218122425,033-250-3361,7,여과기.화학약품,강원특별자치도 춘천시 동내면 거두단지1길 33,그 외 기타 분류 안된 화학제품 제조업 외 3 종,2025-02-06
124,춘천후평일반산업단지,2128146516,070-8895-7349,2,정화 컨설팅,"강원특별자치도 춘천시 소양강로 10, (후평동) 1동 9층 904호",토양 및 지하수 정화업 외 1 종,2025-02-06
125,춘천후평일반산업단지,2218138344,033-250-3647,9,축산 컨설팅,"강원특별자치도 춘천시 후석로420번길 7,(후평동) 1동 4층 433호",경영 컨설팅업,2025-02-06
126,춘천퇴계농공단지,2218131924,033-250-4813,5,창호,강원특별자치도 춘천시 퇴계공단길 56 (퇴계동),"금속 문, 창, 셔터 및 관련제품 제조업 외 2 종",2025-02-06
127,춘천창촌농공단지,2218117048,,83,기화기밸브,강원특별자치도 춘천시 남산면 보매기길 56 ((주)엔지브이아이),자동차 엔진용 신품 부품 제조업 외 4 종,2025-02-06
128,춘천퇴계농공단지,7278100351,070-8895-7349,5,"천막, 차양텐트","강원특별자치도 춘천시 퇴계공단1길 77, 가동 (퇴계동)","천막, 텐트 및 유사 제품 제조업",2025-02-06
129,춘천후평일반산업단지,2218148347,033-250-4225,5,의료용레이저기기,강원특별자치도 춘천시 공단로 49 (후평동),그 외 기타 의료용 기기 제조업,2025-02-06
130,춘천퇴계농공단지,2218115550,033-250-4813,27,닭갈비,"강원특별자치도 춘천시 퇴계공단1길 56-15 (퇴계동, 오도푸드서비스(주))",가금류 가공 및 저장 처리업,2025-02-06
131,춘천후평일반산업단지,3868602129,070-8895-7342,5,S/W개발,"강원특별자치도 춘천시 후석로462번길 7, 2층 201호 (후평동) 2층 201호",응용 소프트웨어 개발 및 공급업,2025-02-06
132,춘천후평일반산업단지,6108196049,033-250-3647,6,"3D, 4D 도면설계서비스, BIM 건축설계서비스","강원특별자치도 춘천시 후석로420번길 7,(후평동) 1동 3층 322호",컴퓨터 프로그래밍 서비스업,2025-02-06
133,춘천퇴계농공단지,2218116734,033-250-4225,3,"방송장비, 영상감시장치, 옥외조명설비 등",강원특별자치도 춘천시 퇴계공단1길 13(퇴계동),그 외 기타 플라스틱 제품 제조업 외 16 종,2025-02-06
134,춘천퇴계농공단지,8998701899,,8,"배전반,계장(계측)제어장치,자동제어반","강원특별자치도 춘천시 퇴계공단1길 5, 114호 (퇴계동, (주)대성산업춘천공장)",배전반 및 전기 자동제어반 제조업,2025-02-06
135,춘천퇴계농공단지,4758800105,,6,"식생토낭 및 직물포대, 보행매트, 식생매트",강원특별자치도 춘천시 퇴계공단1길 56-7 (퇴계동),직물포대 제조업 외 3 종,2025-02-06
136,춘천창촌농공단지,3918803110,070-8895-7349,0,전기,강원특별자치도 춘천시 남산면 보매기길 75,태양력 발전업,2025-02-06
137,춘천퇴계농공단지,,070-8895-7342,0,전기,"강원특별자치도 춘천시 퇴계공단1길 57, 첨단정보통신주식회사 (퇴계동)",태양력 발전업,2025-02-06
138,춘천퇴계농공단지,,070-8895-7342,0,전기,"강원특별자치도 춘천시 퇴계공단1길 56-15 (퇴계동, 오도푸드서비스(주))",태양력 발전업,2025-02-06
139,춘천퇴계농공단지,2218507723,033-250-3655,0,비거주용건물 임대업,강원특별자치도 춘천시 퇴계공단1길 41 (퇴계동),비주거용 건물 임대업,2025-02-06
140,춘천후평일반산업단지,2218115827,070-8895-7342,4,"시스템구축, s/w개발","강원특별자치도 춘천시 후석로462번길 7, 2층 204호 (후평동) 2층 204호 외 1필지",컴퓨터 프로그래밍 서비스업 외 2 종,2025-02-06
141,춘천후평일반산업단지,7478702165,070-8895-7349,6,"화장품(스킨, 로션, 앰플 등)","강원특별자치도 춘천시 소양강로 10, (후평동) 1동 4층 423호",화장품 제조업,2025-02-06
142,춘천퇴계농공단지,1308146868,033-250-4813,165,기초화장품,강원특별자치도 춘천시 퇴계공단1길 21-12 (퇴계동) 외 1필지,화장품 제조업,2025-02-06
143,춘천후평일반산업단지,4698103428,070-8895-7342,1,s/w개발,"강원특별자치도 춘천시 후석로462번길 7, 2층 206호 (후평동) 2층 206호",응용 소프트웨어 개발 및 공급업,2025-02-06
144,춘천후평일반산업단지,7578600056,033-250-3647,8,"문화예술 관련 홍보 플랫폼 제작 및 운영, 음료, 디저트및 외식 출장케이터링","강원특별자치도 춘천시 후석로420번길 7,(후평동) 1동 4층 431호 외 1필지","전시, 컨벤션 및 행사 대행업",2025-02-06
145,춘천후평일반산업단지,2218517920,033-250-4225,10,생물의약품 및 CRMO,"강원특별자치도 춘천시 소양강로 56, 4동 1층 2-4~2-6, 3-1~3-4, 지하일부 (후평동, 춘천바이오벤처프라자) 4동 1층 2-4~2-6, 3-1~3-4, 지하일부호",의약용 화합물 및 항생물질 제조업 외 2 종,2025-02-06
146,춘천동춘천일반산업단지,3028508768,033-250-4225,217,의약품,강원특별자치도 춘천시 동산면 원무동길 125,완제 의약품 제조업 외 2 종,2025-02-06
147,춘천후평일반산업단지,8918100875,070-8895-7342,13,"창상피복재, 세포치료제, 세포배양액","강원특별자치도 춘천시 소양강로 32, 춘천바이오산업진흥원 BIO-1동, 312호 (후평동)",그 외 기타 의료용 기기 제조업 외 1 종,2025-02-06
148,춘천후평일반산업단지,7898102852,033-250-4452,1,주방용 전기기기,"강원특별자치도 춘천시 후석로420번길 7,(후평동) 1동 5층 536호",기타 가정용 전기기기 제조업,2025-02-06
149,춘천후평일반산업단지,7888701395,033-250-4051,8,체외진단 의료기기,"강원특별자치도 춘천시 소양강로 32 (후평동) BIO-2동, 308호",의료용품 및 기타 의약 관련제품 제조업,2025-02-06
150,춘천후평일반산업단지,7878600339,033-250-4051,6,실험기자재 및 시약,"강원특별자치도 춘천시 후석로420번길 7,(후평동) 1동 2층 231호 외 1필지",그 외 기타 분류 안된 화학제품 제조업,2025-02-06
151,춘천퇴계농공단지,2218512338,033-250-3361,25,"이롬생식45,이롬황성주생식","강원특별자치도 춘천시 퇴계농공로 111 (퇴계동, 이롬)",건강기능식품 제조업,2025-02-06
152,춘천퇴계농공단지,2218114809,,0,임대업,"강원특별자치도 춘천시 퇴계공단1길 11, 주식회사 인강 (퇴계동)",그 외 기타 분류 안된 금속 가공 제품 제조업,2025-02-06
153,춘천후평일반산업단지,1718803097,070-8895-7349,2,"데스크톱 컴퓨터, 모니터","강원특별자치도 춘천시 후석로420번길 7, 7층 714호 (후평동) 7층 714호",컴퓨터 제조업,2025-02-06
154,춘천퇴계농공단지,2218124442,033-250-3361,10,토너카트리지,"강원특별자치도 춘천시 퇴계공단1길 41 (퇴계동, 아주택배)",감광재료 및 관련 화학제품 제조업 외 1 종,2025-02-06
155,춘천후평일반산업단지,1418801031,033-250-3647,2,학술연구서비스,"강원특별자치도 춘천시 후석로420번길 7,(후평동) 1동 5층 525호",기타 인문 및 사회과학 연구개발업,2025-02-06
156,춘천거두농공단지,1328101004,070-8895-7349,248,"의약품,인삼제품","강원특별자치도 춘천시 동내면 거두단지2길 55, (주)일화",인삼식품 제조업 외 5 종,2025-02-06
157,춘천퇴계농공단지,2218144394,033-250-3088,28,오이피클,"강원특별자치도 춘천시 퇴계공단1길 68 (퇴계동, (주)청미원)",김치류 제조업 외 1 종,2025-02-06
158,춘천퇴계농공단지,2218111933,070-8895-7342,6,"디자인형 울타리,금속재기타울타리",강원특별자치도 춘천시 퇴계농공로 108 (퇴계동),"금속 문, 창, 셔터 및 관련제품 제조업 외 4 종",2025-02-06
159,춘천퇴계농공단지,5658103293,070-8895-7342,1,알루미늄 창호,"강원특별자치도 춘천시 퇴계농공로 87, 101호 (퇴계동)","금속 문, 창, 셔터 및 관련제품 제조업",2025-02-06
160,춘천후평일반산업단지,2218114944,,8,"금속창,문","강원특별자치도 춘천시 삭주로145번길 79 (후평동, 화인과학)","금속 문, 창, 셔터 및 관련제품 제조업 외 1 종",2025-02-06
161,춘천후평일반산업단지,2218118877,033-250-4051,0,가방,강원특별자치도 춘천시 후석로420번길 26 (후평동),가방 및 기타 보호용 케이스 제조업,2025-02-06
162,춘천후평일반산업단지,2428701598,033-250-4051,5,특수아스팔트 첨가제 배합 및 소포장,"강원특별자치도 춘천시 후석로420번길 7,(후평동) 1동 3층 332호",그 외 기타 플라스틱 제품 제조업,2025-02-06
163,춘천후평일반산업단지,5878801479,033-250-4452,2,"핵산추출시약, 유전자 검사시약","강원특별자치도 춘천시 후석로420번길 7,(후평동) 1동 5층 513호 외 1필지",생물학적 제제 제조업,2025-02-06
164,춘천동춘천일반산업단지,5088800195,033-250-4051,11,종량제봉투,"강원특별자치도 춘천시 동산면 원무동길 82-27, 젠펜테크",기체 여과기 제조업,2025-02-06
165,춘천후평일반산업단지,2218143605,070-8895-7349,0,설계용역서비스,"강원특별자치도 춘천시 후석로420번길 7, (후평동) 1동 9층 905호",도시계획 및 조경설계 서비스업,2025-02-06
166,춘천후평일반산업단지,3228700653,070-8895-7342,3,"자료처리, DB구축","강원특별자치도 춘천시 후석로462번길 7, 4층 418호 (후평동) 4층 418호",자료 처리업 외 1 종,2025-02-06
167,춘천퇴계농공단지,2218127037,033-250-3361,8,도시락,"강원특별자치도 춘천시 퇴계공단길 54, (주)조은푸드서비스 (퇴계동)",도시락류 제조업 외 1 종,2025-02-06
168,춘천후평일반산업단지,2218110934,033-250-3361,12,계육제품(닭갈비),강원특별자치도 춘천시 후석로462번길 34 (후평동),가금류 가공 및 저장 처리업,2025-02-06
169,춘천후평일반산업단지,4688600516,,6,얼음,"강원특별자치도 춘천시 삭주로145번길 50 (후평동, 대한식품유통)",얼음 제조업,2025-02-06
170,춘천후평일반산업단지,2218147052,033-250-3647,2,"도서, 출판","강원특별자치도 춘천시 후석로420번길 7,(후평동) 1동 3층 310호",일반 서적 출판업,2025-02-06
171,춘천후평일반산업단지,7148802731,070-8895-7349,7,"진단기기, 체외진단의료기기, 측정기기","강원특별자치도 춘천시 후석로462번길 7, 2층 202호 (후평동) 2층 202호 외 1필지",전기식 진단 및 요법 기기 제조업 외 2 종,2025-02-06
172,춘천도시첨단문화산업단지,2218133219,,54,"D-DAS, XEUS",강원특별자치도 춘천시 서면 금산리 1017번지,시스템 소프트웨어 개발 및 공급업,2025-02-06
173,춘천후평일반산업단지,2218139886,070-8895-7342,8,S/W개발,"강원특별자치도 춘천시 후석로462번길 7, 2층 213호 (후평동) 2층 213호",응용 소프트웨어 개발 및 공급업,2025-02-06
174,남춘천일반산업단지,6678700459,033-250-4225,15,"기초화장품 및 기능성 화장품, 마스크팩",강원특별자치도 춘천시 동산면 종자리로 33-51,화장품 제조업,2025-02-06
175,퇴계제2농공단지,7498502532,070-8895-7349,2,금속창호,강원특별자치도 춘천시 퇴계공단2길 35 (퇴계동),구조용 금속 판제품 및 공작물 제조업 외 1 종,2025-02-06
176,춘천동춘천일반산업단지,4098653713,070-8895-7349,45,막걸리,강원특별자치도 춘천시 동산면 원무동길 82-25 외 2필지,탁주 및 약주 제조업,2025-02-06
177,춘천후평일반산업단지,1298661791,033-250-4051,2,"친환경 천연내벽제,천연페인트첨가제","강원특별자치도 춘천시 후석로462번길 21,  4동2호 (후평동)",그 외 기타 분류 안된 비금속 광물제품 제조업 외 6 종,2025-02-06
178,춘천퇴계농공단지,6908101271,,0,"화장품, 비누",강원특별자치도 춘천시 퇴계농공로 85 (퇴계동),화장품 제조업 외 1 종,2025-02-06
179,춘천퇴계농공단지,,033-250-3647,7,"유선 통신장비 등, 보안용카메라, 구내방송장치, 소프트웨어","강원특별자치도 춘천시 퇴계농공로 87, 409호(퇴계동)",유선 통신장비 제조업 외 7 종,2025-02-06
180,춘천후평일반산업단지,2218138081,033-250-4051,7,진단시트,"강원특별자치도 춘천시 소양강로 32 (후평동) 바이오1동 202-2, 202-1, 204, 211",의료용품 및 기타 의약 관련제품 제조업,2025-02-06
181,남춘천일반산업단지,2218138081,,9,"진단시약, 소변검사기, 혈당기 등","강원특별자치도 춘천시 소양강로 32, 302 (후평동)",그 외 기타 분류 안된 화학제품 제조업,2025-02-06
182,춘천퇴계농공단지,2218514772,,7,비제조업 창고,강원특별자치도 춘천시 퇴계공단1길 41 (퇴계동),기타 보관 및 창고업,2025-02-06
183,춘천퇴계농공단지,3178800658,033-250-4225,5,"샤시,가구,블라인드",강원특별자치도 춘천시 퇴계공단1길 17 (퇴계동),플라스틱 창호 제조업 외 4 종,2025-02-06
184,춘천후평일반산업단지,2218128642,033-250-3647,10,환경 관련 연구용역,"강원특별자치도 춘천시 후석로420번길 7, 1동 3층 323호(후평동) 1동 3층 323호",자연과학 및 공학 융합 연구개발업,2025-02-06
185,춘천후평일반산업단지,8948701948,070-8895-7342,5,전선,"강원특별자치도 춘천시 후석로420번길 7, 1층 110호 (후평동) 1층 110호",기타 절연선 및 케이블 제조업,2025-02-06
186,춘천후평일반산업단지,5778801040,033-250-4051,11,신약후보 물질 및 천연추출물,"강원특별자치도 춘천시 후석로420번길 7,(후평동) 1동 6층 611호 외 1필지",의약용 화합물 및 항생물질 제조업,2025-02-06
187,춘천후평일반산업단지,,070-8895-7342,1,연구소,"강원특별자치도 춘천시 소양강로 32, 춘천바이오타운 1~3동 (후평동)","물리, 화학 및 생물학 연구개발업",2025-02-06
188,춘천후평일반산업단지,1148618725,070-8895-7342,1,연구개발,"강원특별자치도 춘천시 소양강로 56, 5동 3층 302호호  (후평동)","물리, 화학 및 생물학 연구개발업",2025-02-06
189,춘천퇴계농공단지,4118700569,,9,배제조업 창고,강원특별자치도 춘천시 퇴계공단1길 41 (퇴계동),기타 보관 및 창고업,2025-02-06
190,춘천창촌농공단지,2218142552,,5,로스터(구이기),강원특별자치도 춘천시 남산면 보매기길 82 ((주)선양),금속선 가공제품 제조업 외 1 종,2025-02-06
191,춘천퇴계농공단지,2218144389,033-250-4225,6,무대기계,강원특별자치도 춘천시 퇴계농공로 85 (퇴계동),그 외 기타 특수목적용 기계 제조업 외 1 종,2025-02-06
192,춘천퇴계농공단지,4308703271,070-8895-7342,3,"LED경관조명, 전시 및 광고용 조명장치, 간판 및 광고물, 전시용 모형","강원특별자치도 춘천시 퇴계농공로 87, 310호 (퇴계동)",일반용 전기 조명장치 제조업 외 3 종,2025-02-06
193,춘천퇴계농공단지,2218136569,033-250-4051,4,산업조형물,"강원특별자치도 춘천시 퇴계농공로 96, A-1동 (퇴계동)",간판 및 광고물 제조업 외 1 종,2025-02-06
194,춘천후평일반산업단지,,070-8895-7342,1,연구개발,"강원특별자치도 춘천시 소양강로 32, 춘천바이오타운 1~3동 (후평동)",전기ㆍ전자공학 연구개발업,2025-02-06
195,춘천퇴계농공단지,,,15,"자동제어,LED전광판,방송장비, CCTV","강원특별자치도 춘천시 퇴계공단1길 57, [1층, 2층](퇴계동)",기타 주변기기 제조업 외 13 종,2025-02-06
196,춘천후평일반산업단지,2218145660,033-250-4051,7,FS-바실이 ,강원특별자치도 춘천시 소양강로 56 (후평동) 바이오5동 3층 306호,유기질 비료 및 상토 제조업 외 5 종,2025-02-06
197,춘천거두농공단지,1248604801,033-250-4051,32,건강기능식품,"강원특별자치도 춘천시 동내면 거두단지2길 50, (주)팜크로스",건강기능식품 제조업,2025-02-06
198,춘천후평일반산업단지,7328603243,070-8895-7349,1,화장품(구옥 엑소좀 스킨 부스트 솔루션),"강원특별자치도 춘천시 소양강로 32, 바이오-1동 315호, 205호 (후평동)",화장품 제조업,2025-02-06
199,춘천퇴계농공단지,3388101451,033-250-4051,1,플라즈마 제품 및 전자교탁,"강원특별자치도 춘천시 퇴계공단1길 57, 1층 (퇴계동)",반도체 제조용 기계 제조업,2025-02-06
200,춘천퇴계농공단지,7248702804,070-8895-7349,3,CCTV,강원특별자치도 춘천시 퇴계공단1길 51 (퇴계동),방송장비 제조업,2025-02-06
201,춘천당림농공단지,2218122819,070-8895-7349,105,"두부,얼음",강원특별자치도 춘천시 서면 당숲안길 157 (풀무원제이생면공장),두부 및 유사식품 제조업 외 1 종,2025-02-06
202,춘천후평일반산업단지,2218102040,033-250-3092,24,어육연제품,"강원특별자치도 춘천시 삭주로 157 (후평동, 하나식품)",기타 수산동물 가공 및 저장 처리업 외 1 종,2025-02-06
203,춘천후평일반산업단지,5168600469,033-250-3647,4,"수공예 재료, 콘텐","강원특별자치도 춘천시 후석로420번길 7,(후평동) 1동 4층 409호 외 1필지",방송 프로그램 제작업 외 1 종,2025-02-06
204,춘천후평일반산업단지,4288700835,070-8895-7349,6,"항원·항체(치료제, 화장품 원료), 진단키트","강원특별자치도 춘천시 소양강로 32, 바이오-1동 310호, 404호, 405호, 416호 (후평동)",의료용품 및 기타 의약 관련제품 제조업,2025-02-06
205,춘천퇴계농공단지,2218138631,070-8895-7349,3,냉방기기용배수펌프,"강원특별자치도 춘천시 퇴계공단1길 21-2 (퇴계동, 하이텍)",유압기기 제조업,2025-02-06
206,춘천후평일반산업단지,2148854097,070-8895-7349,3,구조컨설팅,"강원특별자치도 춘천시 소양강로 10, (후평동) 1동 6층 623호",건물 및 토목 엔지니어링 서비스업 외 1 종,2025-02-06
207,춘천창촌농공단지,2218119916,033-250-3088,8,수처리기,강원특별자치도 춘천시 남산면 보매기길 69,그 외 기타 특수목적용 기계 제조업 외 13 종,2025-02-06
208,춘천동춘천일반산업단지,1238602076,,10,Crusher & Mill - 분체관련 장비제작,,그 외 기타 특수목적용 기계 제조업 외 6 종,2025-02-06
209,춘천퇴계농공단지,1268647655,033-250-4225,1,버섯 추출물(화장품 연료),강원특별자치도 춘천시 퇴계공단1길 23 (퇴계동),그 외 기타 분류 안된 화학제품 제조업,2025-02-06
210,춘천창촌농공단지,2218018275,033-250-4051,4,합성수지제품(쓰레기종량제봉투외),"강원특별자치도 춘천시 남산면 보매기길 63, 주식회사 한국편의시설산업",플라스틱 필름 제조업 외 1 종,2025-02-06
211,춘천거두농공단지,7798500888,,52,여성용의류,강원특별자치도 춘천시 동내면 거두단지1길 50,여자용 겉옷 제조업,2025-02-06
212,퇴계제2농공단지,3108522835,070-8895-7342,2,기타 플라스틱 포대,강원특별자치도 춘천시 퇴계공단2길 35 (퇴계동),"플라스틱 포대, 봉투 및 유사제품 제조업",2025-02-06
213,춘천후평일반산업단지,2498602650,070-8895-7349,20,환경영향평가 등,"강원특별자치도 춘천시 소양강로 10, 6층 624호 (후평동) 6층 624호",환경 관련 엔지니어링 서비스업,2025-02-06
214,춘천후평일반산업단지,4738602840,070-8895-7342,1,"s/w개발, 영상, 행사기획","강원특별자치도 춘천시 후석로462번길 7, 3층 312호 (후평동) 3층 312호",응용 소프트웨어 개발 및 공급업 외 2 종,2025-02-06
215,춘천퇴계농공단지,,070-8895-7349,5,"미끄럼방지포장재, 도막형바닥재, 우레탄수지","강원특별자치도 춘천시 퇴계공단길 49-7, E동 3호(퇴계동)",합성수지 및 기타 플라스틱 물질 제조업 외 3 종,2025-02-06
216,춘천퇴계농공단지,1248618305,033-250-4051,7,"가로등, 안정기, LED등",강원특별자치도 춘천시 퇴계농공로 85 (퇴계동),육상 금속 골조 구조재 제조업 외 5 종,2025-02-06
217,춘천후평일반산업단지,2218135672,033-250-3361,3,원두커피,강원특별자치도 춘천시 후석로462번길 54 (후평동),커피 가공업,2025-02-06
218,춘천후평일반산업단지,6258502522,070-8895-7342,3,S/W개발,"강원특별자치도 춘천시 후석로462번길 7, 2층 208호 (후평동) 2층 208호",시스템 소프트웨어 개발 및 공급업 외 1 종,2025-02-06
219,춘천거두농공단지,3058182022,070-8895-7349,23,"메노락토, 사군자추출분말, TAM-100, 이스트컬처",강원특별자치도 춘천시 동내면 거두단지2길 14,건강기능식품 제조업 외 3 종,2025-02-06
220,춘천후평일반산업단지,4378800739,070-8895-7349,8,체외진단의료기기,"강원특별자치도 춘천시 소양강로 32, 바이오-1동 217호 (후평동)",그 외 기타 의료용 기기 제조업,2025-02-06
221,춘천후평일반산업단지,5878101238,070-8895-7342,7,"홍보영상, 디자인","강원특별자치도 춘천시 후석로462번길 7, 3층 309호 (후평동) 3층 309호",광고 영화 및 비디오물 제작업 외 2 종,2025-02-06
222,퇴계제2농공단지,2218114978,070-8895-7349,79,"CCTV POLL, 금속제 울타리, LED안내전광판",,유선 통신장비 제조업 외 4 종,2025-02-06
223,춘천후평일반산업단지,7860802092,033-250-3647,1,4D 도면설계 서비스,"강원특별자치도 춘천시 후석로420번길 7,(후평동) 1동 6층 624호",컴퓨터 프로그래밍 서비스업,2025-02-06
224,춘천후평일반산업단지,5250202307,033-250-3655,0,소프트웨어,"강원특별자치도 춘천시 소양강로 10, (후평동) 1동 7층 701호",시스템 소프트웨어 개발 및 공급업,2025-02-06
225,춘천후평일반산업단지,5258102409,033-250-4051,1,화장품,"강원특별자치도 춘천시 후석로420번길 7,(후평동) 1동 7층 705호",화장품 제조업,2025-02-06
226,춘천후평일반산업단지,4268100972,033-250-4452,20,육류 포장육 와규 갈비살 외,"강원특별자치도 춘천시 후석로420번길 7,(후평동) 1동 4층 406호 외 1필지",육류 포장육 및 냉동육 가공업 (가금류 제외),2025-02-06
227,퇴계제2농공단지,4860100967,,3,식용류지류,,식물성 유지 제조업 외 1 종,2025-02-06
228,춘천후평일반산업단지,7251401600,033-250-3647,1,건축설계 관련서비스,"강원특별자치도 춘천시 후석로420번길 7,(후평동) 1동 8층 824호",건축설계 및 관련 서비스업,2025-02-06
229,춘천후평일반산업단지,5581401752,033-250-3655,0,제품 디자인,"강원특별자치도 춘천시 소양강로 10, (후평동) 1동 6층 625호",제품 디자인업,2025-02-06
230,춘천도시첨단문화산업단지,2218206188,,0,방송영상,강원특별자치도 춘천시 서면 박사로 892,라디오 방송업,2025-02-06
231,춘천후평일반산업단지,2218102394,,0,도시가스,"강원특별자치도 춘천시 삭주로 163, 강원도시가스(주) (후평동)",연료용 가스 제조 및 배관공급업,2025-02-06
232,춘천후평일반산업단지,2218102394,,0,CNG,"강원특별자치도 춘천시 공단로 86, 강원도시가스충전소 (후평동)",연료용 가스 제조 및 배관공급업,2025-02-06
233,춘천퇴계농공단지,2218202542,,130,혈액제제,"강원특별자치도 춘천시 퇴계공단1길 8 (퇴계동, 대한적십자사강원혈액원)",그 외 기타 보건업,2025-02-06
234,춘천후평일반산업단지,8428200341,,0,"연구용역, 서비스업",강원특별자치도 춘천시 삭주로145번길 46 (후평동),기타 전문 서비스업,2025-02-06
235,춘천퇴계농공단지,2210633639,,11,비제조업 택배,강원특별자치도 춘천시 퇴계공단1길 41 (퇴계동),택배업,2025-02-06
236,춘천후평일반산업단지,1588703516,070-8895-7342,2,"무인카메라, 교통신호기, 교통신호제어기, 전기경보 및 신호장",강원특별자치도 춘천시 소양강로 10 3층 317호,교통 신호장치 제조업 외 3 종,2025-02-06
237,춘천후평일반산업단지,1210454096,033-250-4051,3,"교육용 암석, 방편 및 현미경시료","강원특별자치도 춘천시 후석로420번길 7,(후평동) 1동 1층 104호 외 1필지","물질 검사, 측정 및 분석기구 제조업",2025-02-06
238,춘천후평일반산업단지,2212666050,033-250-3647,4,폐차,"강원특별자치도 춘천시 삭주로145번길 35 (후평동, 강원폐차산업)",금속류 해체 및 선별업 외 1 종,2025-02-06
239,춘천창촌농공단지,5568800587,,28,전선,강원특별자치도 춘천시 남산면 보매기길 88,기타 절연선 및 케이블 제조업 외 1 종,2025-02-06
240,춘천후평일반산업단지,7598200239,033-250-4452,4,인테리어 디자인,"강원특별자치도 춘천시 후석로420번길 7,(후평동) 1동 5층 503호",인테리어 디자인업,2025-02-06
241,춘천후평일반산업단지,5488800062,070-8895-7349,3,"향료제품, 향수, 식물추출물 등","강원특별자치도 춘천시 소양강로 56, BIO-5동 201호 (후평동) BIO-5동 201호","치약, 비누 및 기타 세제 제조업",2025-02-06
242,춘천퇴계농공단지,2211082535,070-8895-7349,3,안전표지판 및 안전시설물,강원특별자치도 춘천시 퇴계공단길 64(퇴계동),간판 및 광고물 제조업,2025-02-06
243,춘천창촌농공단지,2218123803,033-250-3655,9,"자동제어반, 전광판",강원특별자치도 춘천시 남산면 보매기길 74,비디오 및 기타 영상기기 제조업 외 4 종,2025-02-06
244,춘천퇴계농공단지,2211031808,,5,비제조업 창고,강원특별자치도 춘천시 퇴계공단1길 41 (퇴계동),기타 보관 및 창고업,2025-02-06
245,춘천후평일반산업단지,4721202190,033-250-3647,0,건축 설계,"강원특별자치도 춘천시 소양강로 10, (후평동) 1동 6층 620호",건축설계 및 관련 서비스업,2025-02-06
246,춘천후평일반산업단지,2010304158,033-250-4452,3,건축설계및 관련서비스,"강원특별자치도 춘천시 후석로420번길 7,(후평동) 1동 8층 817호",건축설계 및 관련 서비스업,2025-02-06
247,춘천퇴계농공단지,6678703081,033-250-4051,3,함석형 닥트,"강원특별자치도 춘천시 퇴계농공로 87, 창조종합이엔지(주) (퇴계동)",구조용 금속 판제품 및 공작물 제조업,2025-02-06
248,춘천후평일반산업단지,4553501064,033-250-4452,2,컨설팅,"강원특별자치도 춘천시 소양강로 10, 802호 (후평동)",경영 컨설팅업,2025-02-06
249,춘천후평일반산업단지,4670602237,033-250-3647,0,컨설팅,"강원특별자치도 춘천시 소양강로 10, B&I 713호 (후평동)",경영 컨설팅업,2025-02-06
250,춘천후평일반산업단지,7770502312,070-8895-7349,0,경영컨설팅,"강원특별자치도 춘천시 소양강로 10, (후평동) 1동 4층 418호",경영 컨설팅업,2025-02-06
251,춘천후평일반산업단지,5350801651,033-250-4452,1,인테리어 디자인,"강원특별자치도 춘천시 후석로420번길 7,(후평동) 1동 1층 106호 외 1필지",인테리어 디자인업,2025-02-06
252,춘천후평일반산업단지,7378802369,070-8895-7349,2,"씽크대, 붙박이장, 사무용가구",강원특별자치도 춘천시 공단로 49 (후평동),주방용 및 음식점용 목재가구 제조업,2025-02-06
253,춘천후평일반산업단지,2954400510,033-250-4051,1,목적용기계,"강원특별자치도 춘천시 후석로420번길 7,(후평동) 1동 5층 537호 외 1필지",그 외 기타 일반목적용 기계 제조업,2025-02-06
254,춘천후평일반산업단지,3951901345,033-250-3647,1,"비주거용 건물 임대, 광고물 문안, 도안, 설계 등 작성","강원특별자치도 춘천시 후석로420번길 7, 1동 3층 306호(후평동) 1동 3층 306호 외 1필지",비주거용 건물 임대업 외 1 종,2025-02-06
255,춘천퇴계농공단지,2210526790,033-250-3361,2,닭갈비,강원특별자치도 춘천시 퇴계공단1길 43 (퇴계동),가금류 가공 및 저장 처리업,2025-02-06
256,춘천퇴계농공단지,2212265693,033-250-4051,7,어린이 놀이기구,강원특별자치도 춘천시 퇴계공단길 56 (퇴계동),놀이터용 장비 제조업,2025-02-06
257,춘천후평일반산업단지,6828101722,,5,면류,강원특별자치도 춘천시 후석로462번길 21 (후평동),"면류, 마카로니 및 유사식품 제조업 외 1 종",2025-02-06
258,춘천후평일반산업단지,2211175098,033-250-4051,4,OLED화합물,"강원특별자치도 춘천시 후석로420번길 7,(후평동) 1동 9층 903호",그 외 기타 분류 안된 화학제품 제조업,2025-02-06
259,춘천후평일반산업단지,8863501064,033-250-3647,0,컨설팅,"강원특별자치도 춘천시 소양강로 10, (후평동) 1동 4층 403호",경영 컨설팅업,2025-02-06
260,춘천후평일반산업단지,4462400798,,1,"비동력농기구제조, 오븐제조(바베큐그릴)","강원특별자치도 춘천시 후석로420번길 7,(후평동) 1동 6층 619호",비동력식 수공구 제조업 외 1 종,2025-02-06
261,춘천후평일반산업단지,5861800931,033-250-4051,3,"마스크, 침구류",강원특별자치도 춘천시 후석로462번길 21 (후평동),침구 및 관련제품 제조업,2025-02-06
262,춘천퇴계농공단지,1500202082,033-250-4051,0,"피톤치드,방향제,탈취제","강원특별자치도 춘천시 퇴계농공로 87, 501호(퇴계동)",표면광택제 및 실내가향제 제조업,2025-02-06
263,춘천후평일반산업단지,2212962531,033-0250-4813,10,창고업(물류),강원특별자치도 춘천시 삭주로145번길 81 (후평동),일반 창고업,2025-02-06
264,춘천퇴계농공단지,2210435370,,6,건설장비부품,"강원특별자치도 춘천시 퇴계공단길 65 (퇴계동, 극동건설기계종합정비공장)",건설 및 채광용 기계장비 제조업,2025-02-06
265,춘천후평일반산업단지,2873700433,033-250-3655,1,"의원(병원) 개원 및 경영컨설팅(입지, 장비, 기재, 인테리어, 세무 등)","강원특별자치도 춘천시 후석로420번길 7,(후평동) 1동 6층 606호",경영 컨설팅업,2025-02-06
266,춘천후평일반산업단지,1784001254,070-8895-7349,1,광고 대행,"강원특별자치도 춘천시 소양강로 10, 6층 627호  (후평동) 6층 627호",광고 대행업,2025-02-06
267,춘천후평일반산업단지,2210719954,033-250-3361,15,가구,"강원특별자치도 춘천시 삭주로 151 (후평동, (주)한별시스템)",기타 목재가구 제조업,2025-02-06
268,퇴계제2농공단지,1400493111,,7,"수증펌프, 원심펌프, 그외 기타 금속 가공",,그 외 기타 금속가공업 외 6 종,2025-02-06
269,춘천퇴계농공단지,1400493111,,6,"수중펌프,원심펌프등",강원특별자치도 춘천시 퇴계공단1길 5(퇴계동),그 외 기타 금속가공업 외 6 종,2025-02-06
270,춘천후평일반산업단지,,033-250-3655,0,인테리어,"강원특별자치도 춘천시 소양강로 10, (후평동) 1동 4층 408호",인테리어 디자인업,2025-02-06
271,춘천후평일반산업단지,7773200886,033-250-3655,0,중개,"강원특별자치도 춘천시 소양강로 10,(후평동) 1동 6층 608호",경영 컨설팅업,2025-02-06
272,춘천퇴계농공단지,2727600371,033-250-4051,3,"자동제어반, PLC제어반, DDC제어반","강원특별자치도 춘천시 퇴계농공로 87, 5층 510호(퇴계동)",배전반 및 전기 자동제어반 제조업 외 1 종,2025-02-06
273,춘천후평일반산업단지,8115400572,070-8895-7349,0,연구보고서,"강원특별자치도 춘천시 소양강로 10, (후평동) 1동 5층 518호",기타 인문 및 사회과학 연구개발업,2025-02-06
274,춘천후평일반산업단지,8732201582,033-250-3647,1,비거주용 건물 임대,"강원특별자치도 춘천시 후석로420번길 7, 1동 3층 302호(후평동) 1동 3층 302호",비주거용 건물 임대업,2025-02-06
275,춘천퇴계농공단지,2240194703,070-8895-7342,4,인쇄,강원특별자치도 춘천시 퇴계공단1길 51 (퇴계동),경 인쇄업,2025-02-06
276,춘천후평일반산업단지,2238101130,033-250-3647,3,"경영 컨설팅업, 시장 조사 및 여론 조사업","강원특별자치도 춘천시 후석로420번길 7,(후평동) 1동 8층 826호",경영 컨설팅업 외 1 종,2025-02-06
277,춘천동춘천일반산업단지,8118701716,,40,감자빵,,빵류 제조업,2025-02-06
278,춘천후평일반산업단지,2228116332,033-250-4225,8,"파채,당근채","강원특별자치도 춘천시 후석로462번길 19, 나동 (후평동)",기타 과실ㆍ채소 가공 및 저장 처리업,2025-02-06
279,춘천후평일반산업단지,2218142756,070-8895-7349,2,구운감자,"강원특별자치도 춘천시 후석로420번길 7, 2층 235호 (후평동) 2층 235호",기타 과실ㆍ채소 가공 및 저장 처리업,2025-02-06
280,춘천후평일반산업단지,4598103038,033-250-3655,0,"탁주, 약주, 기타주류, 일반증류주","강원특별자치도 춘천시 후석로420번길 7, (후평동) 1동 2층 211호",탁주 및 약주 제조업 외 2 종,2025-02-06
281,춘천동춘천일반산업단지,5638701836,070-8895-7342,5,"탁·약주, 과실주, 소주, 일반증류주, 리큐르, 기타주류",강원특별자치도 춘천시 동산면 원무동길 108-38,탁주 및 약주 제조업 외 3 종,2025-02-06
282,퇴계제2농공단지,8658101216,,5,"천연조미제품, 고춧가루",,천연 및 혼합조제 조미료 제조업 외 1 종,2025-02-06
283,춘천후평일반산업단지,8961301619,033-250-3647,1,"보석십자수, 유화그리기 등 제품 디자인","강원특별자치도 춘천시 후석로420번길 7,(후평동) 1동 9층 911호",제품 디자인업,2025-02-06
284,춘천퇴계농공단지,2128154471,,15,오이피클,"강원특별자치도 춘천시 퇴계공단1길 38 (퇴계동, 늘푸른푸드(주))",김치류 제조업 외 1 종,2025-02-06
285,춘천후평일반산업단지,2210480614,033-250-4051,1, SMC 물탱크,"강원특별자치도 춘천시 후석로420번길 7,(후평동) 1동 5층 505호",기타 건축용 플라스틱 조립제품 제조업,2025-02-06
286,춘천후평일반산업단지,5203600949,033-250-3655,0,토목엔지니어링,"강원특별자치도 춘천시 소양강로 10, (후평동) 1동 4층 405호",건물 및 토목 엔지니어링 서비스업,2025-02-06
287,춘천후평일반산업단지,2211230424,033-250-4452,3,두부 등,"강원특별자치도 춘천시 후석로420번길 7,(후평동) 1동 3층 319호",두부 및 유사식품 제조업,2025-02-06
288,춘천후평일반산업단지,2650802090,033-250-3655,0,설계,"강원특별자치도 춘천시 소양강로 10, (후평동) 1동 6층 603호",건축설계 및 관련 서비스업,2025-02-06
289,춘천후평일반산업단지,8790301726,033-250-4051,1,"샷시, 창호, 철구조물",강원특별자치도 춘천시 후석로462번길 15 (후평동),"금속 문, 창, 셔터 및 관련제품 제조업 외 1 종",2025-02-06
290,춘천후평일반산업단지,4732301583,033-250-3655,0,"제도, 적산","강원특별자치도 춘천시 소양강로 10, (후평동) 1동 6층 603호",제도업,2025-02-06
291,춘천후평일반산업단지,2212591611,033-250-3361,3,건축자재(문틀등),강원특별자치도 춘천시 공단로 82 (후평동),목재문 및 관련제품 제조업 외 1 종,2025-02-06
292,춘천퇴계농공단지,2218111175,033-250-3655,7,"폴리에틸렌 하수관, 폴리에틸렌 수도관","강원특별자치도 춘천시 퇴계공단1길 11 (퇴계동, 대림플라스틱(주))","플라스틱 선, 봉, 관 및 호스 제조업 외 2 종",2025-02-06
293,춘천퇴계농공단지,2211299229,070-8895-7342,2,"금속 가공(하천 석재 철망, 유실방지용)","강원특별자치도 춘천시 퇴계공단1길 5 (퇴계동, (주)대성산업춘천공장)","금속 문, 창, 셔터 및 관련제품 제조업",2025-02-06
294,춘천후평일반산업단지,,033-250-3647,1,"전기시설, 송풍시설 관리 및 가전제품 수리","강원특별자치도 춘천시 후석로420번길 7, 1동 3층 311호(후평동) 1동 3층 311호",비주거용 건물 임대업,2025-02-06
295,춘천후평일반산업단지,5043376863,033-250-3655,0,소프트웨어,"강원특별자치도 춘천시 소양강로 10, (후평동) 1동 7층 717호",응용 소프트웨어 개발 및 공급업,2025-02-06
296,춘천퇴계농공단지,,070-8895-7349,0,전기,"강원특별자치도 춘천시 퇴계공단1길 5, 가동, 나동 (지붕 위) (퇴계동)",태양력 발전업,2025-02-06
297,춘천퇴계농공단지,,070-8895-7349,0,전기,"강원특별자치도 춘천시 퇴계공단1길 5, 나동 (지붕 위) (퇴계동)",태양력 발전업,2025-02-06
298,춘천퇴계농공단지,8348800401,033-250-3655,3,CCTV,강원특별자치도 춘천시 퇴계공단1길 41 (퇴계동),방송장비 제조업 외 2 종,2025-02-06
299,퇴계제2농공단지,8348800401,033-250-3647,21,"영상감시장치, CCTV, 통합배선반, 광다중화장치",,방송장비 제조업 외 3 종,2025-02-06
300,춘천후평일반산업단지,2210640917,,0,창고업,"강원특별자치도 춘천시 후석로462번길 10, 대신사무용가구 (후평동)",일반 창고업,2025-02-06
301,춘천퇴계농공단지,3018100329,,0,화물운송,"강원특별자치도 춘천시 퇴계공단1길 44, 대신정기화물자동차(주) (퇴계동)",개별 화물자동차 운송업 외 1 종,2025-02-06
302,춘천후평일반산업단지,2211178815,,3,택배업,"강원특별자치도 춘천시 후석로462번길 23, 대신택배 (후평동)",택배업,2025-02-06
303,춘천퇴계농공단지,2210978073,033-250-3361,2,"메밀가루,전분가루",강원특별자치도 춘천시 퇴계공단1길 56-10 (퇴계동),전분제품 및 당류 제조업,2025-02-06
304,퇴계제2농공단지,8040502439,033-250-4225,3,고춧가루,강원특별자치도 춘천시 퇴계공단2길 43 (퇴계동),곡물 제분업 외 1 종,2025-02-06
305,춘천후평일반산업단지,2212595499,,4,금속문.철구조물,강원특별자치도 춘천시 후석로462번길 15 (후평동),"금속 문, 창, 셔터 및 관련제품 제조업",2025-02-06
306,춘천후평일반산업단지,,,0,폐차장,"강원특별자치도 춘천시 삭주로145번길 39, 대진기업 (후평동, 대진폐차장)",금속류 해체 및 선별업,2025-02-06
307,춘천후평일반산업단지,6580800601,033-250-4051,2,"LED등, 전기판넬","강원특별자치도 춘천시 후석로420번길 7,(후평동) 1동 4층 435호",일반용 전기 조명장치 제조업,2025-02-06
308,퇴계제2농공단지,2872101348,070-8895-7349,6,"금속 문, 창, 셔터 및 관련 제품, 플라스틱창호 및 복층유리",강원특별자치도 춘천시 퇴계공단2길 71 (퇴계동),"금속 문, 창, 셔터 및 관련제품 제조업 외 3 종",2025-02-06
309,춘천후평일반산업단지,6548101557,070-8895-7342,4,컨설팅,"강원특별자치도 춘천시 소양강로 10, 5층 505호 (후평동) 5층 505호",경영 컨설팅업,2025-02-06
310,춘천퇴계농공단지,2212527477,033-250-4813,8,유리가공,"강원특별자치도 춘천시 퇴계공단1길 56-11 (퇴계동, 대한유리상사)",안전유리 제조업 외 1 종,2025-02-06
311,춘천퇴계농공단지,8282001711,070-8895-7349,3,"중앙분리대, 볼라드, 벤치, 금속재울타리 등","강원특별자치도 춘천시 퇴계공단1길 56-16, 1동 102호 (퇴계동)",그 외 기타 플라스틱 제품 제조업 외 3 종,2025-02-06
312,춘천후평일반산업단지,2211047988,033-250-4051,2,목재가구,"강원특별자치도 춘천시 후석로420번길 7,(후평동) 1동 4층 413호",기타 목재가구 제조업,2025-02-06
313,춘천퇴계농공단지,8780402530,033-250-4051,3,"탑차, 특장차","강원특별자치도 춘천시 퇴계공단길 49-7, E동 1호 (퇴계동)",차체 및 특장차 제조업,2025-02-06
314,춘천후평일반산업단지,7962101065,,16,"구명조끼, 의류",강원특별자치도 춘천시 후석로462번길 54 (후평동),기타 직물제품 제조업 외 4 종,2025-02-06
315,춘천후평일반산업단지,2211571085,033-250-4051,1,"배전반, 전기통신","강원특별자치도 춘천시 후석로420번길 7,(후평동) 1동 5층 504호",배전반 및 전기 자동제어반 제조업 외 1 종,2025-02-06
316,춘천퇴계농공단지,2210409488,,5,비제조업 창고,강원특별자치도 춘천시 퇴계공단1길 41 (퇴계동),기타 보관 및 창고업,2025-02-06
317,춘천동춘천일반산업단지,,033-250-4051,4,지붕성형강판 외,,기타 구조용 금속제품 제조업,2025-02-06
318,춘천퇴계농공단지,,070-8895-7349,4,,"강원특별자치도 춘천시 퇴계공단1길 56-14, 동진에코텍 (퇴계동)","탭, 밸브 및 유사장치 제조업 외 6 종",2025-02-06
319,춘천동춘천일반산업단지,1618801748,,20,전기,,기타 발전업,2025-02-06
320,춘천후평일반산업단지,8932201612,033-250-4452,0,인테리어디자인,"강원특별자치도 춘천시 소양강로 10, 7층 710호 (후평동)",인테리어 디자인업,2025-02-06
321,춘천후평일반산업단지,5844500305,070-8895-7342,1,항공측량,"강원특별자치도 춘천시 후석로462번길 7, 3층 318호 (후평동) 3층 318호",측량업 외 1 종,2025-02-06
322,춘천후평일반산업단지,3603400659,033-250-3655,0,드론,"강원특별자치도 춘천시 소양강로 10, (후평동) 1동 5층 524호",무인 항공기 및 무인 비행장치 제조업,2025-02-06
323,춘천후평일반산업단지,1838602137,033-250-3655,0,경영컨설팅,"강원특별자치도 춘천시 소양강로 10, (후평동) 1동 9층 904호",경영 컨설팅업,2025-02-06
324,춘천후평일반산업단지,8618602727,070-8895-7342,1,교육용로봇,"강원특별자치도 춘천시 후석로462번길 7, 2층 207호 (후평동) 2층 207호",산업용 로봇 제조업,2025-02-06
325,춘천후평일반산업단지,6671501882,033-250-4452,1,비주거용 건물 임대,"강원특별자치도 춘천시 후석로420번길 7, 1동 1층 103호(후평동) 1동 1층 103호",비주거용 건물 임대업,2025-02-06
326,춘천후평일반산업단지,7700402314,070-8895-7349,0,임대업,"강원특별자치도 춘천시 소양강로 10, (후평동) 1동 8층 806호",비주거용 건물 임대업,2025-02-06
327,춘천퇴계농공단지,1198612764,,0,자가혈당측정기기,"강원특별자치도 춘천시 퇴계농공로 111, (주)디오스파마 (퇴계동)",전기식 진단 및 요법 기기 제조업,2025-02-06
328,춘천후평일반산업단지,8981201826,033-250-4051,1,중문 및 맞춤가구,"강원특별자치도 춘천시 후석로420번길 7,(후평동) 1동 2층 230호",주방용 및 음식점용 목재가구 제조업 외 1 종,2025-02-06
329,춘천후평일반산업단지,2210935282,070-8895-7349,2,출판인쇄물,"강원특별자치도 춘천시 후석로420번길 7, 4층 429호 (후평동) 4층 429호",제책업,2025-02-06
330,춘천퇴계농공단지,2211268648,033-250-4051,1,옥외광고물,강원특별자치도 춘천시 퇴계공단1길 5 (퇴계동),간판 및 광고물 제조업,2025-02-06
331,춘천후평일반산업단지,7640902444,070-8895-7342,1,"목재공구, 장식용목제 조각품","강원특별자치도 춘천시 후석로420번길 7,(후평동) 1동 7층 717호",목재 도구 및 주방용 나무제품 제조업 외 3 종,2025-02-06
332,춘천퇴계농공단지,5944000272,,1,"간판, 이정표 등",강원특별자치도 춘천시 퇴계공단길 86  (퇴계동),간판 및 광고물 제조업,2025-02-06
333,춘천후평일반산업단지,8970900974,033-250-4051,2,"인쇄물, 디자인, 출력, 제본","강원특별자치도 춘천시 후석로420번길 7, 229호 (후평동)",경 인쇄업,2025-02-06
334,춘천후평일반산업단지,4571401158,033-250-4452,3,"시각디자인, 인쇄물(현수막, 배너, 포스터, 명함, 카탈로그, 리플렛 등)","강원특별자치도 춘천시 후석로420번길 7,(후평동) 1동 2층 201호",경 인쇄업 외 1 종,2025-02-06
335,춘천후평일반산업단지,8553801076,033-250-3655,0,"설계,엔지니어링","강원특별자치도 춘천시 소양강로 10, (후평동) 1동 8층 816호",건물 및 토목 엔지니어링 서비스업 외 1 종,2025-02-06
336,춘천후평일반산업단지,2211313330,033-250-4225,8,알미늄사다리,"강원특별자치도 춘천시 후석로420번길 34 (후평동, 옥산가)",그 외 기타 분류 안된 금속 가공 제품 제조업 외 1 종,2025-02-06
337,춘천후평일반산업단지,6860801717,033-250-3647,1,제품 디자인,"강원특별자치도 춘천시 후석로420번길 7,(후평동) 1동 3층 313호 외 1필지",제품 디자인업,2025-02-06
338,춘천후평일반산업단지,2700500827,033-250-3647,6,홈페이지,"강원특별자치도 춘천시 후석로420번길 7,(후평동) 1동 7층 710호",호스팅 및 관련 서비스업 외 2 종,2025-02-06
339,춘천후평일반산업단지,2210986762,033-250-4225,3,"무소성타일(황토타일), 모르타르",강원특별자치도 춘천시 후석로462번길 15 (후평동),그 외 기타 분류 안된 비금속 광물제품 제조업 외 4 종,2025-02-06
340,춘천후평일반산업단지,2210977230,070-8895-7349,3,실내 액자 디자인 및 제조,"강원특별자치도 춘천시 소양강로 10, (후평동) 1동 5층 513호",그 외 기타 달리 분류되지 않은 제품 제조업 외 1 종,2025-02-06
341,춘천후평일반산업단지,2222901032,070-8895-7342,2,"홍보영상, 공고대행","강원특별자치도 춘천시 후석로462번길 7, 4층 413호 (후평동) 4층 413호",광고 영화 및 비디오물 제작업 외 1 종,2025-02-06
342,춘천후평일반산업단지,3150512058,033-250-3647,2,비거주용 건물 임대,"강원특별자치도 춘천시 후석로420번길 7,(후평동) 1동 4층 401호",비주거용 건물 임대업,2025-02-06
343,남춘천일반산업단지,,070-8895-7349,5,"천연물 기능소 소재, 건강식품, 식품소재",강원특별자치도 춘천시 동산면 종자리로 33-7,건강기능식품 제조업,2025-02-06
344,춘천후평일반산업단지,1571001793,070-8895-7349,1,인테리어디자인,"강원특별자치도 춘천시 소양강로 10, 6층 601호 (후평동) 6층 601호 외 1필지",인테리어 디자인업,2025-02-06
345,춘천후평일반산업단지,2210876078,070-8895-7342,2,"개인용컴퓨터, 데스크탑 컴퓨터, 서버컴퓨터, 특수목적 컴퓨터","강원특별자치도 춘천시 후석로420번길 7,(후평동) 1동 5층 521호",컴퓨터 제조업,2025-02-06
346,춘천후평일반산업단지,8263100293,033-250-4452,3,"앞치마 및 작업복, 자수제품","강원특별자치도 춘천시 후석로420번길 7,(후평동) 1동 5층 522호","근무복, 작업복 및 유사의복 제조업 외 1 종",2025-02-06
347,춘천후평일반산업단지,,033-250-4051,1,"커피가공품, 제품디자인","강원특별자치도 춘천시 후석로420번길 7,(후평동) 1동 5층 532호",커피 가공업 외 1 종,2025-02-06
348,춘천후평일반산업단지,2450302413,033-250-3655,0,컨설팅,"강원특별자치도 춘천시 소양강로 10, (후평동) 1동 7층 711호",경영 컨설팅업,2025-02-06
349,퇴계제2농공단지,2218148390,070-8895-7349,9,"자외선 방역부스, 전시부스, 가구 및 관련제품",강원특별자치도 춘천시 퇴계공단2길 56 (퇴계동),구조용 금속 판제품 및 공작물 제조업 외 2 종,2025-02-06
350,춘천퇴계농공단지,2218148390,,7,비제조업 창고,강원특별자치도 춘천시 퇴계공단1길 41 (퇴계동),기타 보관 및 창고업,2025-02-06
351,춘천동춘천일반산업단지,2378702881,070-8895-7342,42,가금류 부분육 및 가공육,강원특별자치도 춘천시 동산면 원무동길 108-25,가금류 가공 및 저장 처리업,2025-02-06
352,춘천후평일반산업단지,6065700568,033-250-3647,0,비거주용 건물 임대,"강원특별자치도 춘천시 후석로420번길 7,(후평동) 1동 4층 403호",비주거용 건물 임대업,2025-02-06
353,춘천후평일반산업단지,4855300060,033-250-4452,2,인터넷 홈페이지,"강원특별자치도 춘천시 후석로420번길 7, 1동 4층 411호 외 1필지",시스템 소프트웨어 개발 및 공급업,2025-02-06
354,춘천후평일반산업단지,4068104085,070-8895-7342,2,S/W개발,"강원특별자치도 춘천시 후석로462번길 7, 3층 306호  (후평동) 3층 306호",시스템 소프트웨어 개발 및 공급업,2025-02-06
355,춘천퇴계농공단지,2270155903,033-250-4813,0,임대업,"강원특별자치도 춘천시 퇴계공단1길 56-16 (퇴계동, 메디코아펙스)",비주거용 건물 임대업,2025-02-06
356,춘천후평일반산업단지,2218146825,033-250-4051,2,복합비료,강원특별자치도 춘천시 소양강로 56 (후평동) 5동 3층 302호,복합비료 및 기타 화학비료 제조업 외 1 종,2025-02-06
357,춘천퇴계농공단지,1448105041,070-8895-7342,11,"의료기기(일회용내시경투관침,일반혈관용클립)",강원특별자치도 춘천시 퇴계공단1길 40 (퇴계동),그 외 기타 의료용 기기 제조업,2025-02-06
358,춘천후평일반산업단지,8230302324,033-250-4051,1,자동제어판넬,"강원특별자치도 춘천시 후석로420번길 7,(후평동) 1동 6층 621호",배전반 및 전기 자동제어반 제조업,2025-02-06
359,춘천후평일반산업단지,1313302479,033-250-3647,1,"컴퓨터 등 조립, 소프트웨어 설치","강원특별자치도 춘천시 후석로420번길 7,(후평동) 1동 3층 305호",컴퓨터시설 관리업,2025-02-06
360,춘천후평일반산업단지,4911601884,033-250-3655,0,"애니메이션,캐릭터,영상","강원특별자치도 춘천시 소양강로 10, 718호 (후평동)",애니메이션 영화 및 비디오물 제작업,2025-02-06
361,춘천후평일반산업단지,7713900306,,1,화장품 포장케이스,"강원특별자치도 춘천시 후석로420번길 7,(후평동) 1동 4층 422호",포장용 플라스틱 성형용기 제조업,2025-02-06
362,춘천후평일반산업단지,2211049370,,0,보관업,강원특별자치도 춘천시 후평동 623-40번지,일반 창고업,2025-02-06
363,춘천후평일반산업단지,8348701631,033-250-3647,3,일반 영화 및 비디오물 제작,"강원특별자치도 춘천시 후석로420번길 7,(후평동) 1동 3층 303호",일반 영화 및 비디오물 제작업,2025-02-06
364,춘천후평일반산업단지,5033263484,033-250-4452,1,부동산임대,"강원특별자치도 춘천시 후석로420번길 7, 1동 1층 110호(후평동) 1동 1층 110호",비주거용 건물 임대업,2025-02-06
365,춘천후평일반산업단지,3583400942,033-250-4452,5,"파스트라미, 잠봉(프랑스식햄), 베이컨 외","강원특별자치도 춘천시 후석로420번길 7,(후평동) 1동 5층 515호",육류 기타 가공 및 저장처리업 (가금류 제외),2025-02-06
366,춘천후평일반산업단지,2211027721,033-250-3647,3,"인쇄물, 광고대행","강원특별자치도 춘천시 후석로420번길 7,(후평동) 1동 7층 712호",경 인쇄업 외 1 종,2025-02-06
367,춘천후평일반산업단지,8415300708,070-8895-7349,1,"경영자문, 기획자문","강원특별자치도 춘천시 후석로420번길 7,(후평동) 1동 2층 207호",비주거용 건물 임대업,2025-02-06
368,춘천후평일반산업단지,5106300725,070-8895-7349,3,교육기업 경영컨설팅,"강원특별자치도 춘천시 소양강로 10, 8층 808호 (후평동) 8층 808호 외 1필지",경영 컨설팅업,2025-02-06
369,춘천거두농공단지,1078830220,033-250-4225,290,"체외진단용 의약품, 진단기기","강원특별자치도 춘천시 동내면 거두단지1길 43, 바디텍메드",의료용품 및 기타 의약 관련제품 제조업 외 1 종,2025-02-06
370,춘천거두농공단지,1078830220,033-250-4225,280,체외진단기기,강원특별자치도 춘천시 동내면 거두단지1길 14,의료용품 및 기타 의약 관련제품 제조업 외 1 종,2025-02-06
371,춘천거두농공단지,,,45,"체외진단기기, 체외진단카트리지",강원특별자치도 춘천시 동내면 거두단지2길 48,의료용품 및 기타 의약 관련제품 제조업 외 1 종,2025-02-06
372,춘천후평일반산업단지,3874900245,033-250-3647,3,"보고서, 도면,  컴퓨터그래픽(CG), 데이터베이스(DB)","강원특별자치도 춘천시 후석로420번길 7,(후평동) 1동 9층 917호",도시계획 및 조경설계 서비스업 외 3 종,2025-02-06
373,춘천후평일반산업단지,1138637578,033-250-4452,2,광고대행,"강원특별자치도 춘천시 후석로420번길 7,(후평동) 1동 5층 502호",광고 대행업 외 2 종,2025-02-06
374,춘천후평일반산업단지,,033-250-4051,1,디퓨져,"강원특별자치도 춘천시 후석로420번길 7,(후평동) 1동 2층 202호",표면광택제 및 실내가향제 제조업,2025-02-06
375,춘천후평일반산업단지,,033-250-4051,1,실내가향제,"강원특별자치도 춘천시 후석로420번길 7,(후평동) 1동 2층 203호 외 1필지",표면광택제 및 실내가향제 제조업,2025-02-06
376,춘천후평일반산업단지,2622701939,070-8895-7349,10,"참기름, 들기름","강원특별자치도 춘천시 소양강로 10, 6층 627호  (후평동) 6층 627호",식물성 유지 제조업,2025-02-06
377,춘천후평일반산업단지,2750501684,033-250-4452,1,반찬,"강원특별자치도 춘천시 후석로420번길 7,(후평동) 1동 5층 516호",과실 및 그 외 채소 절임식품 제조업,2025-02-06
378,춘천후평일반산업단지,6718102342,070-8895-7349,5,김치,"강원특별자치도 춘천시 후석로420번길 7, 5층 517호 (후평동) 5층 517호",김치류 제조업,2025-02-06
379,춘천후평일반산업단지,2252401434,070-8895-7349,0,청소 대행,"강원특별자치도 춘천시 소양강로 10, (후평동) 1동 6층 607호",사업시설 유지.관리 서비스업,2025-02-06
380,춘천후평일반산업단지,3710402567,033-250-3655,0,경영컨설팅,"강원특별자치도 춘천시 후석로420번길 7, 1동 8층 808호 (후평동) 1동 8층 808호",경영 컨설팅업,2025-02-06
381,춘천후평일반산업단지,2930502186,033-250-3647,2,경영 컨설팅,"강원특별자치도 춘천시 소양강로 10, (후평동) 1동 6층 613호",경영 컨설팅업,2025-02-06
382,춘천후평일반산업단지,,070-8895-7342,1,유산균,"강원특별자치도 춘천시 소양강로 32, 춘천바이오타운 1~3동 (후평동)","물리, 화학 및 생물학 연구개발업",2025-02-06
383,춘천후평일반산업단지,2954000905,033-250-4051,1,제책(지본),"강원특별자치도 춘천시 후석로420번길 7,(후평동) 1동 6층 605호",경 인쇄업 외 1 종,2025-02-06
384,춘천후평일반산업단지,2360701820,033-250-3647,1,"음반제작, 음원발매, 녹음","강원특별자치도 춘천시 후석로420번길 7,(후평동) 1동 8층 818호",음악 및 기타 오디오물 출판업,2025-02-06
385,춘천창촌농공단지,1737300087,,10,"유기농제품 원사,직물",강원특별자치도 춘천시 남산면 보매기길 86,연사 및 가공사 제조업,2025-02-06
386,퇴계제2농공단지,3203601348,070-8895-7349,0,전력생산,강원특별자치도 춘천시 퇴계공단2길 42 (퇴계동),태양력 발전업,2025-02-06
387,춘천후평일반산업단지,8210302293,033-250-3655,0,경영컨설팅,"강원특별자치도 춘천시 소양강로 10, (후평동) 1동 5층 516호",경영 컨설팅업,2025-02-06
388,춘천후평일반산업단지,7011301704,070-8895-7342,0,"농업, 임업 연구개발","강원특별자치도 춘천시 소양강로 10, (후평동) 1동 3층 317호",비주거용 건물 임대업,2025-02-06
389,춘천후평일반산업단지,2218107273,033-250-3361,3,"복층유리, 창호","강원특별자치도 춘천시 후석로462번길 28 (후평동, 부성유리(주))",안전유리 제조업 외 2 종,2025-02-06
390,춘천퇴계농공단지,2210946493,,0,유선방송,"강원특별자치도 춘천시 퇴계공단1길 10, 부일네트웍 (퇴계동)",유선 방송업 외 1 종,2025-02-06
391,춘천후평일반산업단지,7124000598,033-250-4452,1,광고대행,"강원특별자치도 춘천시 후석로420번길 7,(후평동) 1동 8층 827호",광고 대행업,2025-02-06
392,춘천후평일반산업단지,6741801523,070-8895-7349,0,영상물,"강원특별자치도 춘천시 소양강로 10, (후평동) 1동 4층 419호","영화, 비디오물 및 방송프로그램 제작 관련 서비스업",2025-02-06
393,퇴계제2농공단지,2218142625,,7,모터펌프,강원특별자치도 춘천시 퇴계공단2길 64 (퇴계동),액체 펌프 제조업 외 4 종,2025-02-06
394,춘천퇴계농공단지,1248644268,033-250-4051,33,정형외과용 및 신체보정용 기기,"강원특별자치도 춘천시 퇴계농공로 84 (퇴계동, 선진물류(주))",정형외과용 및 신체보정용 기기 제조업 외 1 종,2025-02-06
395,춘천후평일반산업단지,8464900778,033-250-3655,0,사료연구,"강원특별자치도 춘천시 소양강로 10, (후평동) 1동 6층 621호",농림수산학 및 수의학 연구개발업,2025-02-06
396,춘천후평일반산업단지,2261372765,033-250-4051,1,전기조명장치,"강원특별자치도 춘천시 후석로420번길 7, (후평동) 1동 2층 233호",일반용 전기 조명장치 제조업,2025-02-06
397,춘천후평일반산업단지,7750701742,033-250-3647,1,포장모종,"강원특별자치도 춘천시 후석로420번길 7,(후평동) 1동 9층 912호",포장 및 충전업,2025-02-06
398,춘천후평일반산업단지,5312701005,033-250-4051,1,장식용 목제품,"강원특별자치도 춘천시 후석로420번길 7,(후평동) 1동 8층 823호",장식용 목제품 제조업,2025-02-06
399,춘천퇴계농공단지,3748200343,070-8895-7349,14,"조끼, 작업복, 점퍼 등 피복류","강원특별자치도 춘천시 퇴계농공로 87, 202호 (퇴계동)",그 외 기타 의복액세서리 제조업 외 10 종,2025-02-06
400,춘천후평일반산업단지,2640602453,033-250-4051,8,"단체급식서비스, 간편조리세트","강원특별자치도 춘천시 후석로420번길 7,(후평동) 1동 3층 327호 외 1필지",도시락류 제조업,2025-02-06
401,춘천후평일반산업단지,8964500815,033-250-3647,1,컨설팅,"강원특별자치도 춘천시 후석로420번길 7,(후평동) 1동 3층 336호",경영 컨설팅업,2025-02-06
402,삼성SDS춘천센터도시첨단산업단지,1108128774,,60,컴퓨터시스템 통합 자문 및 구축 서비스,강원특별자치도 춘천시 옛경춘로 409-14 (칠전동) 삼성SDS춘천센터도시첨단산업단지,컴퓨터시스템 통합 자문 및 구축 서비스업,2025-02-06
403,춘천후평일반산업단지,3042810272,033-250-3647,2,경영컨설팅,"강원특별자치도 춘천시 후석로420번길 7,(후평동) 1동 3층 324호 외 2필지",경영 컨설팅업,2025-02-06
404,춘천후평일반산업단지,3383800437,033-250-4225,5,건축자재,강원특별자치도 춘천시 공단로 49 (후평동),표면 가공 목재 및 특정 목적용 제재목 제조업 외 1 종,2025-02-06
405,춘천후평일반산업단지,5290702129,070-8895-7349,0,경영컨설팅,"강원특별자치도 춘천시 소양강로 10, (후평동) 1동 6층 623호",경영 컨설팅업,2025-02-06
406,춘천후평일반산업단지,2218146126,033-250-4813,5,양념닭갈비,"강원특별자치도 춘천시 후석로462번길 21, 3동 3호 (후평동)",가금류 가공 및 저장 처리업,2025-02-06
407,춘천퇴계농공단지,2211224320,070-8895-7342,6,가구 제조(목재),강원특별자치도 춘천시 퇴계공단길 62 (퇴계동),기타 목재가구 제조업 외 1 종,2025-02-06
408,춘천후평일반산업단지,8822601319,,3,배전반 및 전기제어반용패널제조,"강원특별자치도 춘천시 후석로420번길 7,(후평동) 1동 2층 226호",배전반 및 전기 자동제어반 제조업,2025-02-06
409,남춘천일반산업단지,8438800934,070-8895-7349,73,일반창고업,,일반 창고업 외 1 종,2025-02-06
410,춘천퇴계농공단지,2018182623,033-0250-4813,5,이소플라본,"강원특별자치도 춘천시 퇴계농공로 92 (퇴계동, (주)한국편의시설산업)",건강기능식품 제조업,2025-02-06
411,춘천후평일반산업단지,2210236109,033-250-3655,3,광고 도안 및 기획,"강원특별자치도 춘천시 후석로420번길 7,(후평동) 1동 3층 321호","광고물 문안, 도안, 설계 등 작성업",2025-02-06
412,춘천후평일반산업단지,2862301413,033-250-3647,0,비거주용 건물 임대,"강원특별자치도 춘천시 후석로420번길 7,(후평동) 1동 4층 404호",비주거용 건물 임대업,2025-02-06
413,춘천퇴계농공단지,2218120674,,6,무대장치,"강원특별자치도 춘천시 퇴계공단1길 58 (퇴계동, 정안사)",커튼 및 유사제품 제조업 외 6 종,2025-02-06
414,춘천후평일반산업단지,5990302377,033-250-3655,1,인테리어 디자인,"강원특별자치도 춘천시 소양강로 10, 314호 (후평동)",인테리어 디자인업,2025-02-06
415,춘천퇴계농공단지,2210924859,033-250-3092,8,사무용가구,강원특별자치도 춘천시 퇴계공단1길 55 (퇴계동),기타 목재가구 제조업 외 3 종,2025-02-06
416,춘천후평일반산업단지,2210924859,070-8895-7342,0,인테리어 디자인,"강원특별자치도 춘천시 소양강로 10, 515호 (후평동) 515호",인테리어 디자인업,2025-02-06
417,춘천후평일반산업단지,5917000493,033-250-3647,1,"장식용 목제품, 인테리어디자인","강원특별자치도 춘천시 후석로420번길 7,(후평동) 1동 5층 533호",장식용 목제품 제조업 외 1 종,2025-02-06
418,춘천퇴계농공단지,1248636905,070-8895-7342,23,냉동식품(만두),강원특별자치도 춘천시 퇴계농공로 76 (퇴계동),도시락류 제조업 외 1 종,2025-02-06
419,춘천퇴계농공단지,2211174541,033-250-4051,3,"포장박스, 농산물박스, 식품박스, 육가공박스, 공산품박스",강원특별자치도 춘천시 퇴계공단1길 61-7 (퇴계동),골판지 제조업,2025-02-06
420,춘천거두농공단지,2218131002,,18,"도로.교통표지판, 안전시설물, 교통제어신호등",강원특별자치도 춘천시 동내면 거두단지1길 56,금속 표시판 제조업 외 13 종,2025-02-06
421,춘천후평일반산업단지,6968802302,070-8895-7349,1,화장품 원료,"강원특별자치도 춘천시 소양강로 10, 604호 (후평동)",그 외 기타 분류 안된 화학제품 제조업,2025-02-06
422,춘천후평일반산업단지,,033-250-3655,0,컨성팅,"강원특별자치도 춘천시 소양강로 10, (후평동) 1동 3층 310호",경영 컨설팅업,2025-02-06
423,춘천후평일반산업단지,,033-250-3655,1,경영 컨설팅 보고서,"강원특별자치도 춘천시 소양강로 10, (후평동) 1동 9층 907호",경영 컨설팅업,2025-02-06
424,춘천후평일반산업단지,6073213592,033-250-4051,1,"소가구(선반, 장식장, 책상, 의자 등)","강원특별자치도 춘천시 후석로420번길 7,(후평동) 1동 2층 234호",기타 목재가구 제조업,2025-02-06
425,춘천후평일반산업단지,2871701486,033-250-4452,1,부동산 임대,"강원특별자치도 춘천시 후석로420번길 7, 1동 1층 101호(후평동) 1동 1층 101호 외 1필지",비주거용 건물 임대업,2025-02-06
426,춘천동춘천일반산업단지,2218216497,033-0250-4813,12,"수산물(식품) 냉동,냉장",강원특별자치도 춘천시 동산면 원무동길 82-19,냉장 및 냉동 창고업,2025-02-06
427,춘천후평일반산업단지,3342701286,033-250-3647,1,닭갈비 소스 등,"강원특별자치도 춘천시 후석로420번길 7,(후평동) 1동 6층 607호 외 1필지",천연 및 혼합조제 조미료 제조업,2025-02-06
428,춘천후평일반산업단지,,070-8895-7342,1,연구개발,"강원특별자치도 춘천시 소양강로 32, 춘천바이오타운 1~3동 (후평동)",의학 및 약학 연구개발업,2025-02-06
429,춘천후평일반산업단지,2211088941,033-250-4452,1,무오일 공기 압축기,"강원특별자치도 춘천시 후석로420번길 7,(후평동) 1동 4층 427호 외 1필지",기체 펌프 및 압축기 제조업,2025-02-06
430,춘천후평일반산업단지,,033-250-4051,6,기록매체복제업/ 음악 및 기타 오디오물 출판업,"강원특별자치도 춘천시 후석로462번길 21, 3동 1층 2호(후평동)",기록매체 복제업,2025-02-06
431,춘천후평일반산업단지,2210549959,070-8895-7342,11,전시대행(기획),"강원특별자치도 춘천시 후석로462번길 7, 4층 410호 (후평동) 4층 410호 외 1필지","전시, 컨벤션 및 행사 대행업",2025-02-06
432,춘천퇴계농공단지,1574000530,033-250-4051,2,"쿠션, 베개,의류, 침구, 속옷",강원특별자치도 춘천시 퇴계공단길 64(퇴계동),침구 및 관련제품 제조업,2025-02-06
433,춘천후평일반산업단지,7063800552,,1,연구실 설치 및 운영 컨설팅 및 운영 장비 유지 보수,"강원특별자치도 춘천시 후석로420번길 7,(후평동) 1동 5층 508호",경영 컨설팅업,2025-02-06
434,춘천후평일반산업단지,5991601738,070-8895-7342,1,"점자프린터, S/W개발","강원특별자치도 춘천시 후석로462번길 7, 4층 408호 (후평동) 4층 408호",디지털 적층 성형기계 제조업 외 1 종,2025-02-06
435,춘천도시첨단문화산업단지,2091641370,033-250-4225,0,"도시설계, 건축물설계, 경관디자인, 공공디자인",강원특별자치도 춘천시 서면 금산리 1018번지 신디자인랩,도시계획 및 조경설계 서비스업,2025-02-06
436,춘천후평일반산업단지,6760601623,,8,김치,강원특별자치도 춘천시 후석로462번길 21 (후평동) 5동 1호,김치류 제조업 외 1 종,2025-02-06
437,춘천동춘천일반산업단지,2211291339,,7,"종이패키지상자, 선물 상자 등",,골판지 상자 및 가공제품 제조업 외 1 종,2025-02-06
438,춘천후평일반산업단지,1012905046,070-8895-7342,2,홍보영상,"강원특별자치도 춘천시 후석로462번길 7, 3층 315호 (후평동) 3층 315호",광고 영화 및 비디오물 제작업,2025-02-06
439,춘천후평일반산업단지,5367900427,070-8895-7342,1,"사료연구, 컨설팅","강원특별자치도 춘천시 소양강로 10, (후평동) 1동 5층 513호",농림수산학 및 수의학 연구개발업 외 1 종,2025-02-06
440,춘천후평일반산업단지,1108105034,,0,운송업,"강원특별자치도 춘천시 후석로440번길 43 (후평동, 대한통운)",일반 화물자동차 운송업 외 1 종,2025-02-06
441,춘천퇴계농공단지,1108105034,,20,창고업,강원특별자치도 춘천시 퇴계공단1길 33-7(퇴계동) 외 1필지,일반 창고업,2025-02-06
442,춘천후평일반산업단지,1927000321,033-250-3647,2,인테리어 디자인 도면,"강원특별자치도 춘천시 후석로420번길 7,(후평동) 1동 1층 108호 외 1필지",인테리어 디자인업,2025-02-06
443,춘천후평일반산업단지,1268628788,070-8895-7349,4,건축설계,"강원특별자치도 춘천시 소양강로 10, (후평동) 1동 8층 815호",건축설계 및 관련 서비스업,2025-02-06
444,춘천후평일반산업단지,4171293321,033-250-4051,4,화장품,"강원특별자치도 춘천시 후석로420번길 7,(후평동) 1동 2층 228호",화장품 제조업,2025-02-06
445,춘천후평일반산업단지,1353226272,033-250-3647,0,"이화학기자재,실험설비","강원특별자치도 춘천시 후석로420번길 7, 춘천하이테크타워 617호 (후평동)",그 외 기타 전기장비 제조업,2025-02-06
446,춘천후평일반산업단지,6181668608,033-250-4452,2,인테리어 디자인,"강원특별자치도 춘천시 후석로420번길 7,(후평동) 1동 7층 709호",인테리어 디자인업,2025-02-06
447,춘천퇴계농공단지,,033-250-3655,3,"간판, 현수막",강원특별자치도 춘천시 퇴계공단길 49-7 (퇴계동),간판 및 광고물 제조업,2025-02-06
448,춘천후평일반산업단지,4023851329,033-250-4051,3,"무대도안, 설치, 설계, 영상물, 광고물, 기타필요장치 및 케이블","강원특별자치도 춘천시 후석로420번길 7,(후평동) 1동 3층 315호 외 1필지",기타 절연선 및 케이블 제조업 외 2 종,2025-02-06
449,춘천퇴계농공단지,2210431393,,3,비제조업 창고,강원특별자치도 춘천시 퇴계공단1길 41 (퇴계동),기타 보관 및 창고업,2025-02-06
450,춘천퇴계농공단지,2210518849,033-250-4051,1,"현수막, 광고물",강원특별자치도 춘천시 퇴계공단1길 41 (퇴계동),간판 및 광고물 제조업,2025-02-06
451,춘천후평일반산업단지,6417900369,033-250-3647,1,비거주용 건물 임대,"강원특별자치도 춘천시 후석로420번길 7, 1동 4층 402호(후평동) 1동 4층 402호",비주거용 건물 임대업,2025-02-06
452,춘천후평일반산업단지,5512801331,033-250-4452,1,경영컨설팅,"강원특별자치도 춘천시 후석로420번길 7,(후평동) 1동 5층 510호",경영 컨설팅업,2025-02-06
453,퇴계제2농공단지,2430901249,,5,육류,강원특별자치도 춘천시 퇴계공단2길 41 (퇴계동),기타 식사용 가공처리 조리식품 제조업 외 2 종,2025-02-06
454,춘천후평일반산업단지,7372901228,033-250-3655,0,"애니메이션, 웹툰 제작","강원특별자치도 춘천시 소양강로 10, 506호 (후평동)",애니메이션 영화 및 비디오물 제작업,2025-02-06
455,춘천후평일반산업단지,1952101490,033-250-4452,3,건물엔지니어링 서비스,"강원특별자치도 춘천시 후석로420번길 7,(후평동) 1동 7층 723호 외 1필지",건물 및 토목 엔지니어링 서비스업,2025-02-06
456,춘천후평일반산업단지,7618802120,033-250-4452,1,"연구개발, 시험분석","강원특별자치도 춘천시 후석로420번길 7,(후평동) 1동 7층 731호",의학 및 약학 연구개발업 외 1 종,2025-02-06
457,춘천후평일반산업단지,7030202533,033-250-3647,1,과학교육 컨설팅,"강원특별자치도 춘천시 후석로420번길 7,(후평동) 1동 5층 518호","물리, 화학 및 생물학 연구개발업",2025-02-06
458,춘천후평일반산업단지,2020653158,070-8895-7349,0,광고 대행업(드론),"강원특별자치도 춘천시 후석로420번길 7, 4층 420호 (후평동) 4층 420호",광고 대행업,2025-02-06
459,춘천후평일반산업단지,6812401425,033-250-3655,0,경영컨설팅,"강원특별자치도 춘천시 소양강로 10, (후평동) 1동 5층 509호",경영 컨설팅업,2025-02-06
460,춘천후평일반산업단지,4843800782,033-250-3647,1,인테리어 디자인,"강원특별자치도 춘천시 후석로420번길 7,(후평동) 1동 6층 617호",인테리어 디자인업,2025-02-06
461,춘천후평일반산업단지,2204300014,033-250-4452,1,인터넷 홈페이지,"강원특별자치도 춘천시 후석로420번길 7,(후평동) 1동 7층 708호",컴퓨터 프로그래밍 서비스업,2025-02-06
462,춘천후평일반산업단지,8421701959,033-250-3655,0,"교재,교구제조업","강원특별자치도 춘천시 소양강로 10, (후평동) 1동 6층 626호",인형 및 장난감 제조업,2025-02-06
463,춘천후평일반산업단지,2356500565,033-250-4452,2,건물임대,"강원특별자치도 춘천시 후석로420번길 7,(후평동) 1동 7층 730호",비주거용 건물 임대업,2025-02-06
464,퇴계제2농공단지,2038166459,070-8895-7342,9,양념닭갈비,,가금류 가공 및 저장 처리업 외 1 종,2025-02-06
465,춘천퇴계농공단지,2038166459,,9,"양념닭갈비, 간장닭갈비 등",강원특별자치도 춘천시 퇴계농공로 96(퇴계동),가금류 가공 및 저장 처리업,2025-02-06
466,춘천동춘천일반산업단지,2068636866,033-250-4051,40,돈 등갈비,강원특별자치도 춘천시 동산면 봉명리 1106-2번지 외 1필지,육류 포장육 및 냉동육 가공업 (가금류 제외),2025-02-06
467,춘천후평일반산업단지,6803400868,033-250-3647,1,건축관련 서비스,"강원특별자치도 춘천시 후석로420번길 7,(후평동) 1동 8층 825호",건축설계 및 관련 서비스업,2025-02-06
468,춘천후평일반산업단지,1380837657,,5,"가향제, 방향제, 디퓨저","강원특별자치도 춘천시 후석로420번길 7,(후평동) 1동 3층 329호 외 1필지",표면광택제 및 실내가향제 제조업,2025-02-06
469,춘천후평일반산업단지,1512701172,033-250-3655,0,"제품 상세페이지, 동영상","강원특별자치도 춘천시 소양강로 10, (후평동) 1동 5층 503호","광고물 문안, 도안, 설계 등 작성업",2025-02-06
470,춘천후평일반산업단지,3580503352,070-8895-7349,1,컨설팅,"강원특별자치도 춘천시 소양강로 10, (후평동) 1동 9층 904호",경영 컨설팅업,2025-02-06
471,춘천후평일반산업단지,5834200830,070-8895-7349,1,컨설팅,"강원특별자치도 춘천시 소양강로 10, (후평동) 1동 7층 702호",경영 컨설팅업,2025-02-06
472,춘천후평일반산업단지,3860200586,033-250-3655,1,"시장조사, 여론조사, 연구개발","강원특별자치도 춘천시 소양강로 10, 615호 (후평동)",시장조사 및 여론조사업 외 1 종,2025-02-06
473,퇴계제2농공단지,2219069742,,6,"비뇨기과, 산부인과",,일반 의원,2025-02-06
474,춘천후평일반산업단지,2211327800,033-250-3647,12,"영상 및 사진 촬영 및 편집, 비디오 제작업","강원특별자치도 춘천시 후석로420번길 7,(후평동) 1동 5층 527호 외 2필지",광고 영화 및 비디오물 제작업,2025-02-06
475,춘천후평일반산업단지,2211176821,,0,건물임대업,강원특별자치도 춘천시 후석로462번길 21 (후평동),비주거용 건물 임대업,2025-02-06
476,춘천퇴계농공단지,2218110540,033-0250-4813,17,건축판넬,"강원특별자치도 춘천시 퇴계농공로 91 (퇴계동, 영춘판넬(주))",기타 구조용 금속제품 제조업 외 1 종,2025-02-06
477,춘천동춘천일반산업단지,2210964701,033-250-4051,3,"가로등,공원등 ",강원특별자치도 춘천시 동산면 원무동길 82-15,육상 금속 골조 구조재 제조업 외 1 종,2025-02-06
478,춘천퇴계농공단지,2210570938,033-250-4051,3,인쇄물,"강원특별자치도 춘천시 퇴계농공로 85, 예문사 (퇴계동)",경 인쇄업 외 1 종,2025-02-06
479,춘천후평일반산업단지,2210961704,033-250-4452,1,인테리어 디자인,"강원특별자치도 춘천시 후석로420번길 7,(후평동) 1동 5층 530호",인테리어 디자인업,2025-02-06
480,춘천후평일반산업단지,2210439527,033-0250-4813,3,"간판,현수막",강원특별자치도 춘천시 후석로462번길 34 (후평동),간판 및 광고물 제조업 외 4 종,2025-02-06
481,춘천후평일반산업단지,7580701975,070-8895-7349,0,디자인,"강원특별자치도 춘천시 소양강로 10, (후평동) 1동 4층 404호",시각 디자인업,2025-02-06
482,춘천후평일반산업단지,7023010397,070-8895-7349,0,컨설팅,"강원특별자치도 춘천시 소양강로 10, (후평동) 1동 7층 703호",경영 컨설팅업,2025-02-06
483,춘천후평일반산업단지,3905900707,070-8895-7349,1,경영컨설팅,"강원특별자치도 춘천시 후석로420번길 7,(후평동) 1동 3층 308호",비주거용 건물 임대업,2025-02-06
484,춘천후평일반산업단지,7713900306,033-250-3092,1,화장품 포장케이스,"강원특별자치도 춘천시 후석로420번길 7,(후평동) 1동 4층 423호",포장용 플라스틱 성형용기 제조업,2025-02-06
485,춘천후평일반산업단지,4377900362,033-250-3655,0,광고대행,"강원특별자치도 춘천시 소양강로 10, (후평동) 1동 3층 313호",광고 대행업 외 2 종,2025-02-06
486,춘천후평일반산업단지,2080428935,033-250-3655,0,건물 및 토목 엔지니어링 서비스,"강원특별자치도 춘천시 소양강로 10, (후평동) 1동 6층 609호",건물 및 토목 엔지니어링 서비스업,2025-02-06
487,춘천후평일반산업단지,2208759538,033-250-4452,3,광고대행,"강원특별자치도 춘천시 후석로420번길 7,(후평동) 1동 5층 506호",광고 대행업,2025-02-06
488,춘천후평일반산업단지,1413500263,033-250-4452,1,"측정용 소프트웨어, 실험대 전자 제어보드, 기타 주변 기기 제조업","강원특별자치도 춘천시 후석로420번길 7,(후평동) 1동 2층 227호",응용 소프트웨어 개발 및 공급업,2025-02-06
489,춘천후평일반산업단지,1282963492,033-250-4051,6,양념육,강원특별자치도 춘천시 공단로 49(후평동),가금류 가공 및 저장 처리업,2025-02-06
490,춘천후평일반산업단지,5383201150,070-8895-7349,0,침구류,"강원특별자치도 춘천시 소양강로 10, (후평동) 1동 6층 618호",침구 및 관련제품 제조업,2025-02-06
491,춘천후평일반산업단지,7811801705,070-8895-7342,0,임대,"강원특별자치도 춘천시 소양강로 10, (후평동) 1동 4층 424호",비주거용 건물 임대업,2025-02-06
492,춘천후평일반산업단지,8203300760,070-8895-7349,1,목재 가구,"강원특별자치도 춘천시 후석로420번길 7,(후평동) 1동 3층 312호",기타 목재가구 제조업,2025-02-06
493,춘천후평일반산업단지,7562500028,033-250-3647,1,"기술서비스, 기타전기, 배선, 엔지니어링, 토목 건설","강원특별자치도 춘천시 후석로420번길 7,(후평동) 1동 3층 331호",기타 엔지니어링 서비스업,2025-02-06
494,춘천후평일반산업단지,8432401358,033-250-3655,0,컨설팅,"강원특별자치도 춘천시 소양강로 10, (후평동) 1동 9층 906호",경영 컨설팅업,2025-02-06
495,춘천후평일반산업단지,7830801911,070-8895-7342,0,임대,"강원특별자치도 춘천시 소양강로 10, 5층 505호 (후평동) 5층 505호",비주거용 건물 임대업,2025-02-06
496,춘천퇴계농공단지,2218103317,,19,레미콘,"강원특별자치도 춘천시 퇴계공단길 49-7 (퇴계동, 유덕레미콘)",레미콘 제조업,2025-02-06
497,춘천후평일반산업단지,1020208210,033-250-3647,3,"건축 및 토목공학 연구, 도시공학 연구 및 컨설팅","강원특별자치도 춘천시 후석로420번길 7,(후평동) 1동 4층 408호",기타 공학 연구개발업,2025-02-06
498,춘천후평일반산업단지,5651101837,033-250-3647,3,디자인제품,"강원특별자치도 춘천시 후석로420번길 7,(후평동) 1동 5층 531호",제품 디자인업,2025-02-06
499,춘천거두농공단지,2212680483,033-250-3361,8,"자동화설비,기계부품.측정기",강원특별자치도 춘천시 동내면 거두단지1길 24,그 외 기타 일반목적용 기계 제조업 외 1 종,2025-02-06
500,춘천후평일반산업단지,1108801231,070-8895-7349,0,의료기기,"강원특별자치도 춘천시 소양강로 10, (후평동) 1동 3층 301호",전기식 진단 및 요법 기기 제조업,2025-02-06
501,춘천후평일반산업단지,4552701550,033-250-3655,1,디자인 제품,"강원특별자치도 춘천시 소양강로 10, 417호 (후평동)",인테리어 디자인업,2025-02-06
502,춘천후평일반산업단지,3590901980,033-250-3655,0,인테리어디자인,"강원특별자치도 춘천시 소양강로 10, (후평동) 1동 4층 422호",인테리어 디자인업,2025-02-06
503,춘천후평일반산업단지,1708702346,033-250-3655,0,애니메이션,"강원특별자치도 춘천시 소양강로 10, (후평동) 1동 7층 716호",애니메이션 영화 및 비디오물 제작업,2025-02-06
504,춘천후평일반산업단지,,033-250-4051,1,연구용 및 진단용 바이오소재,"강원특별자치도 춘천시 후석로420번길 7,(후평동) 1동 8층 821호",그 외 기타 분류 안된 화학제품 제조업,2025-02-06
505,춘천후평일반산업단지,4574300770,070-8895-7342,1,부동산 임대,"강원특별자치도 춘천시 후석로420번길 7,(후평동) 1동 8층 809호",비주거용 건물 임대업,2025-02-06
506,춘천후평일반산업단지,8171602260,033-250-3655,0,애니메이션,"강원특별자치도 춘천시 소양강로 10, (후평동) 1동 9층 902호",애니메이션 영화 및 비디오물 제작업,2025-02-06
507,춘천퇴계농공단지,2210767460,,7,비제조업 창고,강원특별자치도 춘천시 퇴계공단1길 41 (퇴계동),기타 보관 및 창고업,2025-02-06
508,춘천후평일반산업단지,8488600798,033-250-3647,2,응용 소프트웨어 개발 및 공급,"강원특별자치도 춘천시 후석로420번길 7,(후평동) 1동 4층 426호",응용 소프트웨어 개발 및 공급업,2025-02-06
509,춘천후평일반산업단지,3568802670,070-8895-7342,1,앱개발,"강원특별자치도 춘천시 후석로462번길 7, 2층 210호 (후평동) 2층 210호",응용 소프트웨어 개발 및 공급업,2025-02-06
510,춘천후평일반산업단지,8333500907,033-250-4051,1,전원장치제조 및 임대,"강원특별자치도 춘천시 후석로420번길 7,(후평동) 1동 4층 421호",전구 및 램프 제조업,2025-02-06
511,춘천후평일반산업단지,8456500493,070-8895-7349,0,인테리어 디자인,"강원특별자치도 춘천시 소양강로 10, (후평동) 1동 4층 423호",인테리어 디자인업,2025-02-06
512,춘천거두농공단지,1358105649,070-8895-7349,100,"후디스아기밀,건양밀,건양율무,하이키드, 하이뮨프로틴밸러스",강원특별자치도 춘천시 동내면 거두단지2길 60 외 4필지,액상시유 및 기타 낙농제품 제조업 외 4 종,2025-02-06
513,춘천후평일반산업단지,1692501301,070-8895-7349,0,소프트웨어,"강원특별자치도 춘천시 소양강로 10, (후평동) 1동 4층 407호",시스템 소프트웨어 개발 및 공급업,2025-02-06
514,춘천퇴계농공단지,,,4,판유리가공제품,강원특별자치도 춘천시 퇴계공단길 46 (퇴계동),안전유리 제조업 외 2 종,2025-02-06
515,춘천퇴계농공단지,2219037764,033-250-3088,3,두부,"강원특별자치도 춘천시 퇴계공단길 86 (퇴계동, 표현씽크)",두부 및 유사식품 제조업,2025-02-06
516,춘천후평일반산업단지,7983601202,033-250-3655,0,영상물,"강원특별자치도 춘천시 소양강로 10, (후평동) 1동 5층 517호",일반 영화 및 비디오물 제작업,2025-02-06
517,춘천후평일반산업단지,7805000493,070-8895-7342,2,건축설계,"강원특별자치도 춘천시 후석로462번길 7, 4층 416호 (후평동) 4층 416호",건축설계 및 관련 서비스업,2025-02-06
518,춘천퇴계농공단지,2212267371,,1,비제조업 창고,강원특별자치도 춘천시 퇴계공단1길 41 (퇴계동),기타 보관 및 창고업,2025-02-06
519,춘천퇴계농공단지,2218215687,,7,비제조업 창고,강원특별자치도 춘천시 퇴계공단1길 41 (퇴계동),기타 보관 및 창고업,2025-02-06
520,춘천후평일반산업단지,2218207135,070-8895-7349,5,경영컨설팅,"강원특별자치도 춘천시 후석로420번길 7, 2층 206호 (후평동) 2층 206호 외 6필지",경영 컨설팅업,2025-02-06
521,춘천퇴계농공단지,2211323236,,1,창고업,"강원특별자치도 춘천시 퇴계공단1길 33-7 (퇴계동, 골든샤시) 외 1필지",일반 창고업,2025-02-06
522,춘천후평일반산업단지,2114205565,033-250-3655,1,제품디자인,"강원특별자치도 춘천시 소양강로 10, (후평동) 1동 5층 507호",제품 디자인업,2025-02-06
523,춘천후평일반산업단지,2054809267,033-250-3655,0,인테리어디자인,"강원특별자치도 춘천시 소양강로 10, (후평동) 1동 6층 614호",인테리어 디자인업,2025-02-06
524,춘천창촌농공단지,2210695692,,0,곡물도정업,"강원특별자치도 춘천시 남산면 보매기길 87, 정한",곡물 도정업,2025-02-06
525,춘천후평일반산업단지,5560302462,033-250-4452,1,부동산 임대,"강원특별자치도 춘천시 후석로420번길 7, 1동 6층 620호(후평동) 1동 6층 620호",비주거용 건물 임대업,2025-02-06
526,춘천후평일반산업단지,3185300585,033-250-3655,0,"사료연구, 컨설팅","강원특별자치도 춘천시 소양강로 10, (후평동) 1동 7층 712호",경영 컨설팅업 외 1 종,2025-02-06
527,춘천후평일반산업단지,2753101102,033-250-3655,0,컨설팅,"강원특별자치도 춘천시 소양강로 10, (후평동) 1동 5층 514호",경영 컨설팅업,2025-02-06
528,춘천후평일반산업단지,7333400987,033-250-4452,1,"시스템 소프트웨어, 응용 소프트웨어","강원특별자치도 춘천시 후석로420번길 7,(후평동) 1동 8층 805호",컴퓨터 프로그래밍 서비스업,2025-02-06
529,춘천퇴계농공단지,8418700402,033-250-4813,4,"계장계측, 폐쇄회로, 출입통제시스템","강원특별자치도 춘천시 퇴계공단1길 57, 2층 (퇴계동)",배전반 및 전기 자동제어반 제조업 외 4 종,2025-02-06
530,춘천후평일반산업단지,7638100191,,15,"수도관,일반관,전선관","강원특별자치도 춘천시 후석로440번길 51 (후평동, 강원파이프산업)","플라스틱 선, 봉, 관 및 호스 제조업 외 1 종",2025-02-06
531,춘천퇴계농공단지,3998601335,,2,증발냉방장치,"강원특별자치도 춘천시 퇴계공단1길 41, B동 1층 1-3호 (퇴계동)",분사기 및 소화기 제조업 외 1 종,2025-02-06
532,춘천후평일반산업단지,2548801870,033-250-3655,0,토목구조설계서,"강원특별자치도 춘천시 소양강로 10, (후평동) 1동 9층 901호",기타 엔지니어링 서비스업,2025-02-06
533,춘천퇴계농공단지,4428602619,070-8895-7349,5,"금소판, 금속제 간판, 명패, 표시판 및 관련 금속제품, 광고물",강원특별자치도 춘천시 퇴계공단길 64(퇴계동),간판 및 광고물 제조업 외 1 종,2025-02-06
534,춘천후평일반산업단지,4508701942,033-250-3647,1,광고물 문안 및 도안,"강원특별자치도 춘천시 후석로420번길 7,(후평동) 1동 5층 534호","광고물 문안, 도안, 설계 등 작성업",2025-02-06
535,춘천후평일반산업단지,5248600193,033-250-4452,8,"반지, 귀걸이, 목걸이, 장신구, 수저","강원특별자치도 춘천시 후석로420번길 7,(후평동) 1동 6층 614호 외 2필지",귀금속 및 관련제품 제조업,2025-02-06
536,춘천퇴계농공단지,8648101533,070-8895-7342,11,"석재조형물, 금속울타리, 콘크리트조형물","강원특별자치도 춘천시 퇴계농공로 87, 406호 (퇴계동)",기타 석제품 제조업 외 2 종,2025-02-06
537,춘천후평일반산업단지,3988701872,033-250-3655,0,안전 진단,"강원특별자치도 춘천시 소양강로 10, (후평동) 1동 3층 320호",기타 공학 연구개발업 외 3 종,2025-02-06
538,춘천후평일반산업단지,2238117307,070-8895-7349,13,"설계 및 감리도서, 관리용 소프트웨어","강원특별자치도 춘천시 후석로420번길 7, 7층 706호 (후평동) 7층 706호 외 1필지",기타 엔지니어링 서비스업 외 2 종,2025-02-06
539,남춘천일반산업단지,2218103428,,5,창고업,,일반 창고업,2025-02-06
540,춘천동춘천일반산업단지,2218145578,033-250-4051,1,철구조물,강원특별자치도 춘천시 동산면 원무동길 82-15,육상 금속 골조 구조재 제조업,2025-02-06
541,춘천퇴계농공단지,2218147810,033-250-4225,2,"안내판,표지판",강원특별자치도 춘천시 퇴계공단1길 77 (퇴계동),간판 및 광고물 제조업 외 3 종,2025-02-06
542,춘천퇴계농공단지,5158602770,070-8895-7349,1,"금속 문, 창, 셔터, 판유리가공품, 복층유리","강원특별자치도 춘천시 퇴계공단1길 56-11 (퇴계동, 대한유리상사)","금속 문, 창, 셔터 및 관련제품 제조업 외 1 종",2025-02-06
543,춘천후평일반산업단지,5228701193,070-8895-7342,3,휴대용비상조명등,"강원특별자치도 춘천시 후석로462번길 7, 5층 518호 (후평동)",일반용 전기 조명장치 제조업,2025-02-06
544,춘천수동농공단지,1148669490,033-250-4225,3,재무자료 및 기업정보 제공,"강원특별자치도 춘천시 남산면 버들1길 130, 2층",컴퓨터 프로그래밍 서비스업,2025-02-06
545,춘천수동농공단지,1478601409,,21,교육 프로그램,"강원특별자치도 춘천시 남산면 버들1길 130, 4층",컴퓨터 프로그래밍 서비스업,2025-02-06
546,춘천후평일반산업단지,2218139514,033-250-3655,0,"책,현수막등","강원특별자치도 춘천시 소양강로 10, (후평동) 1동 7층 705호",경 인쇄업 외 2 종,2025-02-06
547,춘천퇴계농공단지,2878701534,,20,닭고기,"강원특별자치도 춘천시 퇴계농공로 108, 비-1동(퇴계동)",가금류 가공 및 저장 처리업,2025-02-06
548,춘천창촌농공단지,1668600774,,7,카본척,강원특별자치도 춘천시 남산면 보매기길 75,그 외 기타 분류 안된 비금속 광물제품 제조업,2025-02-06
549,춘천퇴계농공단지,2218136439,,16,"보안용카메라, 영상감시장치, 차량판독기 등",강원특별자치도 춘천시 퇴계공단길 56 (퇴계동),방송장비 제조업 외 10 종,2025-02-06
550,춘천퇴계농공단지,7628702320,,5,"자동제어반,계측제어,계량계측기기","강원특별자치도 춘천시 퇴계농공로 116 (퇴계동, (주)성창)",방송장비 제조업 외 6 종,2025-02-06
551,춘천후평일반산업단지,5568800739,033-250-4051,1,"원목가구, 소품","강원특별자치도 춘천시 후석로420번길 7,(후평동) 1동 3층 317호",기타 목재가구 제조업,2025-02-06
552,춘천후평일반산업단지,2328601726,033-250-3655,8,XR콘텐츠 개발,"강원특별자치도 춘천시 후석로420번길 7, 1동 8층 812호(후평동) 1동 8층 812호 외 2필지",응용 소프트웨어 개발 및 공급업 외 1 종,2025-02-06
553,춘천거두농공단지,2218121329,070-8895-7342,34,화장품 소재 및 화장품,강원특별자치도 춘천시 동내면 거두단지2길 30,화장품 제조업,2025-02-06
554,춘천후평일반산업단지,2218121329,033-250-4452,30,화장품 소재 제조 및 연구개발 서비스,"강원특별자치도 춘천시 후석로420번길 7,(후평동) 1동 8층 806호 외 1필지",화장품 제조업 외 1 종,2025-02-06
555,춘천후평일반산업단지,2218141043,070-8895-7342,50,"방사선발생장치, 치과용의료용기기, 의료용품, 엑스레이제네레이터, 기구, 기타","강원특별자치도 춘천시 후석로420번길 7,(후평동) 1동 2층 219호 외 12필지",방사선 장치 제조업,2025-02-06
556,남춘천일반산업단지,2218127681,070-8895-7342,4,프로바이오틱스,,건강기능식품 제조업 외 1 종,2025-02-06
557,춘천창촌농공단지,2228603052,033-250-4051,1,배전반 및 전기자동제어반,강원특별자치도 춘천시 남산면 보매기길 87,배전반 및 전기 자동제어반 제조업,2025-02-06
558,남춘천일반산업단지,2618125056,033-250-4225,31,원료의약품,,의약용 화합물 및 항생물질 제조업,2025-02-06
559,춘천후평일반산업단지,6568800908,033-250-4225,3,닭갈비,"강원특별자치도 춘천시 후석로462번길 21, 3동 1호 (후평동)",가금류 가공 및 저장 처리업,2025-02-06
560,춘천후평일반산업단지,2218126907,033-250-4051,3,화장품 원료,"강원특별자치도 춘천시 소양강로 32, 바이오2동 101, 105호 (후평동)",생물학적 제제 제조업,2025-02-06
561,춘천거두농공단지,6718801963,,5,"화장품 소재, 보습제",강원특별자치도 춘천시 동내면 거두리 1146-2번지,화장품 제조업 외 1 종,2025-02-06
562,춘천후평일반산업단지,6538102529,033-250-4452,2,"동결건조기, 발효장치, 저온미분쇄기","강원특별자치도 춘천시 후석로420번길 7,(후평동) 1동 5층 519호",농업 및 임업용 기계 제조업 외 2 종,2025-02-06
563,남춘천일반산업단지,3608701862,070-8895-7349,20,"앙카체, 그라운드앵커",강원특별자치도 춘천시 동산면 종자리로 33-61,금속선 가공제품 제조업 외 1 종,2025-02-06
564,춘천후평일반산업단지,2248136248,033-250-4225,6,"휀스,데크,아고라",강원특별자치도 춘천시 후석로462번길 37 (후평동),기타 건축용 나무제품 제조업 외 2 종,2025-02-06
565,춘천퇴계농공단지,,,3,"휀스,파고라","강원특별자치도 춘천시 퇴계공단1길 61-13 (퇴계동, 춘천옥산가)",기타 건축용 나무제품 제조업 외 3 종,2025-02-06
566,춘천퇴계농공단지,6258101506,033-250-4051,4,LED 바닥 신호등,강원특별자치도 춘천시 퇴계공단1길 30 (퇴계동),전시 및 광고용 조명장치 제조업 외 3 종,2025-02-06
567,춘천퇴계농공단지,4868702445,033-250-4051,1,사인 시설,"강원특별자치도 춘천시 퇴계농공로 87, 창조종합이엔지(주) (퇴계동)",기타 목재가구 제조업,2025-02-06
568,춘천후평일반산업단지,3088147330,070-8895-7349,4,체외진단키트,"강원특별자치도 춘천시 소양강로 10, 4층 419호 (후평동) 4층 419호",그 외 기타 분류 안된 화학제품 제조업,2025-02-06
569,춘천후평일반산업단지,2218142741,033-250-3647,3,홈페이지 제작,"강원특별자치도 춘천시 후석로420번길 7,(후평동) 1동 7층 722호",컴퓨터 프로그래밍 서비스업,2025-02-06
570,춘천퇴계농공단지,2218114380,,4,"스테아린산마그네슘,탄린산알부민","강원특별자치도 춘천시 퇴계공단1길 61-7 (퇴계동, (주)한국지나제약)",의약용 화합물 및 항생물질 제조업,2025-02-06
571,춘천후평일반산업단지,4118702548,033-250-4051,1,발광형 교통 안전 표지,"강원특별자치도 춘천시 후석로420번길 7,(후평동) 1동 1층 101호 외 1필지",금속 표시판 제조업,2025-02-06
572,퇴계제2농공단지,2218128832,070-8895-7349,1,"조명장치, 미끄럼방지포장재, 폴리우레아수지도막방수재",강원특별자치도 춘천시 퇴계공단2길 35 (퇴계동),그 외 기타 전자부품 제조업 외 3 종,2025-02-06
573,남춘천일반산업단지,7118602835,033-250-4225,0,자동차용 표면광택제,,표면광택제 및 실내가향제 제조업,2025-02-06
574,퇴계제2농공단지,5258102374,070-8895-7349,7,"LED조명, 차단기, 콘센트, 폴리우레아",강원특별자치도 춘천시 퇴계공단2길 39 (퇴계동),그 외 기타 전자부품 제조업 외 3 종,2025-02-06
575,춘천창촌농공단지,8888601873,070-8895-7349,7,"액체여과기, 컨베이어, 방역용소독기, 동력분무기",강원특별자치도 춘천시 남산면 보매기길 75,액체 여과기 제조업 외 4 종,2025-02-06
576,춘천거두농공단지,2218128958,033-250-3655,5,"화장품, 화장품 원료",강원특별자치도 춘천시 동내면 거두단지1길 22,화장품 제조업,2025-02-06
577,춘천후평일반산업단지,6038527294,033-250-4452,7,시스템소프트웨어,"강원특별자치도 춘천시 후석로420번길 7,(후평동) 1동 8층 819호",시스템 소프트웨어 개발 및 공급업,2025-02-06
578,춘천창촌농공단지,5208702196,033-250-3655,0,"버스승강장, 디자인울타리",강원특별자치도 춘천시 남산면 보매기길 65,구조용 금속 판제품 및 공작물 제조업 외 4 종,2025-02-06
579,춘천후평일반산업단지,1288603731,033-250-4051,2,문화재보수재(흙콘크리트),강원특별자치도 춘천시 후석로462번길 17 (후평동),그 외 기타 분류 안된 비금속 광물제품 제조업 외 4 종,2025-02-06
580,춘천후평일반산업단지,1358559594,033-250-4452,6,써비레이 에이아이,"강원특별자치도 춘천시 후석로420번길 7,(후평동) 1동 7층 703호",응용 소프트웨어 개발 및 공급업,2025-02-06
581,남춘천일반산업단지,1058681001,033-250-4225,5,비제조(창고업),강원특별자치도 춘천시 동산면 종자리로 33-1,기타 보관 및 창고업 외 2 종,2025-02-06
582,춘천후평일반산업단지,7768702300,070-8895-7349,0,컴퓨터/서버,"강원특별자치도 춘천시 후석로420번길 7, 7층 701호 (후평동) 7층 701호",컴퓨터 제조업,2025-02-06
583,춘천후평일반산업단지,8358102174,070-8895-7342,1,임대,"강원특별자치도 춘천시 후석로420번길 7,(후평동) 1동 2층 210호",비주거용 건물 임대업,2025-02-06
584,춘천후평일반산업단지,3708701632,033-250-4051,8,커피원두,"강원특별자치도 춘천시 후석로420번길 7,(후평동) 1동 3층 320호",커피 가공업,2025-02-06
585,춘천후평일반산업단지,8068102195,033-250-3647,7,개발서비스,"강원특별자치도 춘천시 후석로420번길 7,(후평동) 1동 8층 816호",기타 공학 연구개발업,2025-02-06
586,퇴계제2농공단지,2218135880,070-8895-7349,9,"팬코일유닛, 공기조화기 등",강원특별자치도 춘천시 퇴계공단2길 54 (퇴계동),공기 조화장치 제조업 외 2 종,2025-02-06
587,춘천후평일반산업단지,2368800591,033-250-4051,2,공기압축기,"강원특별자치도 춘천시 후석로420번길 7,(후평동) 1동 3층 337호 외 1필지","탭, 밸브 및 유사장치 제조업",2025-02-06
588,춘천후평일반산업단지,7358102312,033-250-4452,1,보고서,"강원특별자치도 춘천시 후석로420번길 7,(후평동) 1동 7층 729호",농림수산학 및 수의학 연구개발업 외 3 종,2025-02-06
589,남춘천일반산업단지,4128149923,033-250-4225,34,보툴리눔 톡신제제,,생물학적 제제 제조업,2025-02-06
590,춘천후평일반산업단지,2028600992,033-250-3655,0,"성분검사,분석","강원특별자치도 춘천시 소양강로 10, (후평동) 1동 3층 316호",물질성분 검사 및 분석업,2025-02-06
591,춘천후평일반산업단지,,033-250-3647,23,지식산업센터,강원특별자치도 춘천시 소양강로 10(후평동),비주거용 건물 개발 및 공급업,2025-02-06
592,춘천창촌농공단지,1558701862,,6,"휀스, 보안등, 그물망 등",강원특별자치도 춘천시 남산면 보매기길 49,구조용 금속 판제품 및 공작물 제조업 외 2 종,2025-02-06
593,춘천퇴계농공단지,2218119973,070-8895-7349,70,화장품 외,강원특별자치도 춘천시 퇴계공단길 72 (퇴계동),화장품 제조업,2025-02-06
594,춘천퇴계농공단지,2218119973,070-8895-7349,10,색조화장품,강원특별자치도 춘천시 퇴계공단길 34 (퇴계동),화장품 제조업,2025-02-06
595,춘천퇴계농공단지,2218119973,070-8895-7349,0,화장품,강원특별자치도 춘천시 퇴계공단길 66 (퇴계동),화장품 제조업,2025-02-06
596,춘천퇴계농공단지,2218139042,,6,"동보장치, 마을무선방송장치","강원특별자치도 춘천시 퇴계공단1길 57, 1층 (퇴계동)",유선 통신장비 제조업 외 2 종,2025-02-06
597,퇴계제2농공단지,4888801513,033-250-4051,0,"보안용카메라, 영상감지장치, 차량번호판독기, 계장제어장치","강원특별자치도 춘천시 퇴계공단2길 55, 103호 (퇴계동)",방송장비 제조업 외 7 종,2025-02-06
598,춘천도시첨단문화산업단지,8748701527,033-250-4051,15,골전도 블루투스 헤드셋(ETEREO TC 시리즈),강원특별자치도 춘천시 서면 박사로 894 외 1필지,그 외 기타 의료용 기기 제조업 외 2 종,2025-02-06
599,춘천후평일반산업단지,,033-250-4051,0,차류가공품,"강원특별자치도 춘천시 후석로420번길 7, (후평동) 1동 4층 404호",차류 가공업,2025-02-06
600,춘천후평일반산업단지,2208633467,033-250-4452,16,SNS광고,"강원특별자치도 춘천시 후석로420번길 7,(후평동) 1동 5층 507호",광고 대행업,2025-02-06
601,춘천후평일반산업단지,5988602396,033-250-3655,0,광고 대행,"강원특별자치도 춘천시 소양강로 10, (후평동) 1동 6층 610호",광고 대행업,2025-02-06
602,남춘천일반산업단지,1208817814,033-250-4225,6,구강유산균,,건강기능식품 제조업 외 1 종,2025-02-06
603,춘천퇴계농공단지,2218121241,033-250-4051,7,"영상감시장치, 보안용카메라","강원특별자치도 춘천시 퇴계공단1길 56-16, A동 203호 (퇴계동)",방송장비 제조업 외 1 종,2025-02-06
604,춘천퇴계농공단지,2218120427,033-250-3361,19,닭갈비,강원특별자치도 춘천시 퇴계공단길 50 (퇴계동),가금류 가공 및 저장 처리업,2025-02-06
605,춘천창촌농공단지,7748801199,070-8895-7342,2,"안전용품 철구조물, 운동용매트또는패딩",강원특별자치도 춘천시 남산면 보매기길 65,구조용 금속 판제품 및 공작물 제조업 외 3 종,2025-02-06
606,춘천퇴계농공단지,4488602072,033-250-4051,6,바른엔젤체어(기능성의자),강원특별자치도 춘천시 퇴계공단1길 58 (퇴계동),합성수지 및 기타 플라스틱 물질 제조업,2025-02-06
607,춘천거두농공단지,,,5,스피커(산업용),"강원특별자치도 춘천시 동내면 거두단지길 27, 원진미디어","라디오, 녹음 및 재생 기기 제조업 외 4 종",2025-02-06
608,춘천동춘천일반산업단지,,033-250-3092,20,"구조형PE이중벽하수관,이중벽관,다중벽관,유봉관,환봉연결구, 빗물저장탱크",강원특별자치도 춘천시 동산면 원무동길 82-5,"플라스틱 선, 봉, 관 및 호스 제조업 외 4 종",2025-02-06
609,춘천후평일반산업단지,8228101387,033-250-3647,3,"환, 농산물가공품","강원특별자치도 춘천시 후석로420번길 7,(후평동) 1동 6층 620호",기타 과실ㆍ채소 가공 및 저장 처리업,2025-02-06
610,춘천후평일반산업단지,5048186794,033-250-3647,10,소프트웨어 개발 및 공급,"강원특별자치도 춘천시 후석로420번길 7,(후평동) 1동 8층 820호 외 1필지",시스템 소프트웨어 개발 및 공급업,2025-02-06
611,춘천후평일반산업단지,,070-8895-7349,5,"디자인노면표지, 흙콘크리트, 투수골재포장재","강원특별자치도 춘천시 후석로420번길 7,(후평동) 1동 3층 333호",그 외 기타 플라스틱 제품 제조업 외 2 종,2025-02-06
612,춘천후평일반산업단지,2288106412,033-250-4452,1,건강보조식품 (원료),"강원특별자치도 춘천시 후석로420번길 7,(후평동) 1동 3층 302호",기타 과실ㆍ채소 가공 및 저장 처리업,2025-02-06
613,남춘천일반산업단지,2068198076,070-8895-7349,6,침구 및 관련제품,,침구 및 관련제품 제조업,2025-02-06
614,춘천퇴계농공단지,,,10,"디자인형울타리, 알루미늄제교량난간, 낙석방지책 등",강원특별자치도 춘천시 퇴계공단1길 13 (퇴계동),"금속 문, 창, 셔터 및 관련제품 제조업 외 14 종",2025-02-06
615,춘천후평일반산업단지,2218146015,033-250-3647,13,응용소프트웨어 개발,"강원특별자치도 춘천시 후석로420번길 7,(후평동) 1동 8층 828호",시스템 소프트웨어 개발 및 공급업,2025-02-06
616,춘천후평일반산업단지,8948602256,033-250-3647,0,경영컨설팅,"강원특별자치도 춘천시 후석로420번길 7, (후평동) 1동 4층 403호",경영 컨설팅업,2025-02-06
617,춘천퇴계농공단지,3088802778,033-250-3655,2,데스크톱컴퓨터 외,"강원특별자치도 춘천시 퇴계농공로 87, 창조종합이엔지(주) (퇴계동)",컴퓨터 제조업 외 1 종,2025-02-06
618,춘천후평일반산업단지,4668600145,033-250-4051,3,"진단폐활량계, 체외진단기기","강원특별자치도 춘천시 후석로420번길 7,(후평동) 1동 8층 805호",그 외 기타 의료용 기기 제조업,2025-02-06
619,춘천퇴계농공단지,1608702806,033-250-4051,4,"프라즈마 악취저감기, 아크악취저감기",강원특별자치도 춘천시 퇴계공단1길 41 (퇴계동),기체 여과기 제조업,2025-02-06
620,춘천후평일반산업단지,1218701398,033-250-3655,6,광고대행,"강원특별자치도 춘천시 후석로420번길 7, 1동 7층 710호(후평동) 1동 7층 710호 외 2필지",광고 대행업,2025-02-06
621,춘천퇴계농공단지,8028103232,033-250-4051,4,조명장치,"강원특별자치도 춘천시 퇴계농공로 87, 4층 402호 (퇴계동)",일반용 전기 조명장치 제조업,2025-02-06
622,퇴계제2농공단지,2218132931,070-8895-7342,21,"전기경보, 감시장치, 광섬유케이블, 기타 절연선, 기타 전기장비, 방송장비, CCTV",강원특별자치도 춘천시 퇴계공단2길 55 (퇴계동),기타 절연선 및 케이블 제조업 외 4 종,2025-02-06
623,춘천퇴계농공단지,2218134727,033-250-3361,4,"일반가구,사무용가구,싱크대,붙박이장,실험대,교구,도서열람대",강원특별자치도 춘천시 퇴계공단길 46 (퇴계동),기타 목재가구 제조업 외 1 종,2025-02-06
624,춘천후평일반산업단지,2868501314,033-250-3647,9,"Soet, Fingerrate App, Pass&Go","강원특별자치도 춘천시 후석로420번길 7,(후평동) 1동 9층 902호",컴퓨터시스템 통합 자문 및 구축 서비스업,2025-02-06
625,춘천퇴계농공단지,5488800586,070-8895-7349,6,"CCTV 카메라, 유무선통신 방송장치",강원특별자치도 춘천시 퇴계공단1길 51 (퇴계동),방송장비 제조업 외 2 종,2025-02-06
626,춘천퇴계농공단지,1128601927,070-8895-7349,3,"VMS, LCS 등(도로전광표지판, 차선제어전광판)",강원특별자치도 춘천시 퇴계공단1길 51 (퇴계동),교통 신호장치 제조업 외 1 종,2025-02-06
627,춘천퇴계농공단지,2338101141,033-250-4225,6,"보쌈, 족발 등",강원특별자치도 춘천시 퇴계공단길 86 (퇴계동),가금류 가공 및 저장 처리업 외 1 종,2025-02-06
628,춘천후평일반산업단지,2058701148,033-250-4452,8,태양광 발전소 전기설계 및 설치,"강원특별자치도 춘천시 후석로420번길 7,(후평동) 1동 2층 205호",기타 엔지니어링 서비스업,2025-02-06
629,춘천퇴계농공단지,6658601455,033-250-3655,34,"창호 , 금속문, 창, 셔터 등","강원특별자치도 춘천시 퇴계농공로 87, 창조종합이엔지(주) (퇴계동)","금속 문, 창, 셔터 및 관련제품 제조업",2025-02-06
630,춘천퇴계농공단지,3088800595,033-250-4813,1,"철망, 식생매트","강원특별자치도 춘천시 퇴계공단1길 5, 가동 105호 (퇴계동, (주)대성산업춘천공장)",금속선 가공제품 제조업 외 1 종,2025-02-06
631,춘천후평일반산업단지,2218144865,070-8895-7349,5,설계,"강원특별자치도 춘천시 소양강로 10, (후평동) 1동 9층 903호",건축설계 및 관련 서비스업,2025-02-06
632,춘천동춘천일반산업단지,7478701583,,18,"전기생산, 온수생산",,기타 발전업,2025-02-06
633,춘천후평일반산업단지,3218502412,070-8895-7349,3,"피부 미생물 분석 및 서비스, embryo culture chip ","강원특별자치도 춘천시 후석로420번길 7,(후평동) 1동 7층 726호",그 외 기타 의료용 기기 제조업 외 1 종,2025-02-06
634,춘천퇴계농공단지,5298602105,070-8895-7349,2,계량기기(액상디스펜서),"강원특별자치도 춘천시 퇴계농공로 87, 4층 401-2호 (퇴계동)",속도계 및 적산계기 제조업,2025-02-06
635,퇴계제2농공단지,2218138913,033-250-4051,9,"방송장비, 컴퓨터, 유선통신장비, 비디오 및 기타 영상기기",강원특별자치도 춘천시 퇴계공단2길 63(퇴계동),컴퓨터 제조업 외 3 종,2025-02-06
636,춘천동춘천일반산업단지,6198800383,070-8895-7349,50,조직수복용 생체재료,,의료용품 및 기타 의약 관련제품 제조업,2025-02-06
637,춘천후평일반산업단지,3878602194,070-8895-7342,0,동물용 의료기기,"강원특별자치도 춘천시 소양강로 10, (후평동) 1동 7층 720호 외 1필지",동물용 의약품 제조업 외 2 종,2025-02-06
638,춘천동춘천일반산업단지,1788600234,033-250-4051,21,"종량제봉투, 폴리에틸렌 필름",강원특별자치도 춘천시 동산면 원무동길 108-19 외 1필지,"플라스틱 포대, 봉투 및 유사제품 제조업 외 1 종",2025-02-06
639,춘천동춘천일반산업단지,1788600234,,27,쓰레기봉투,,"플라스틱 포대, 봉투 및 유사제품 제조업",2025-02-06
640,퇴계제2농공단지,5028191646,,9,"보행신호음성안내보조장치, CCTV 등",강원특별자치도 춘천시 퇴계공단2길 48 (퇴계동),기타 무선 통신장비 제조업 외 1 종,2025-02-06
641,춘천후평일반산업단지,2218103976,,2,주유소,"강원특별자치도 춘천시 후석로 400 (후평동, 태우주유소)",운송장비용 주유소 운영업,2025-02-06
642,춘천후평일반산업단지,4368801507,070-8895-7349,6,구조용금속제품,"강원특별자치도 춘천시 후석로420번길 7, 1동 6층 609호(후평동) 1동 6층 609호 외 1필지",구조용 금속 판제품 및 공작물 제조업,2025-02-06
643,춘천후평일반산업단지,1838701154,033-250-4452,2,컴퓨터시스템 구축,"강원특별자치도 춘천시 후석로420번길 7, (후평동) 1동 4층 402호",컴퓨터시스템 통합 자문 및 구축 서비스업,2025-02-06
644,춘천후평일반산업단지,6868502643,070-8895-7349,0,임대,"강원특별자치도 춘천시 후석로420번길 7,(후평동) 1동 3층 307호",비주거용 건물 임대업,2025-02-06
645,춘천퇴계농공단지,2218137423,,4,"레저보트, 카누, 패들 등","강원특별자치도 춘천시 퇴계공단1길 61-11, 2층 (퇴계동)",오락 및 스포츠용 보트 건조업,2025-02-06
646,춘천후평일반산업단지,1898603153,033-250-3655,0,포장,"강원특별자치도 춘천시 후석로420번길 7, (후평동) 1동 4층 436호",포장 및 충전업,2025-02-06
647,춘천창촌농공단지,5858602798,070-8895-7349,3,"막구조물, 금속재울타리",강원특별자치도 춘천시 남산면 보매기길 78,"천막, 텐트 및 유사 제품 제조업 외 5 종",2025-02-06
648,춘천퇴계농공단지,2218138631,070-8895-7349,18,에어컨배수펌프,강원특별자치도 춘천시 퇴계공단1길 34 (퇴계동),유압기기 제조업,2025-02-06
649,춘천퇴계농공단지,8188102413,033-250-3647,5,수처리 및 공급장치,"강원특별자치도 춘천시 퇴계농공로 87, 창조종합이엔지(주) (퇴계동)",컨베이어장치 제조업 외 4 종,2025-02-06
650,퇴계제2농공단지,2218140952,070-8895-7349,15,"하드디스크 어레이, 컴퓨터서버, 안내전광판, 표식장비",강원특별자치도 춘천시 퇴계공단2길 65 (퇴계동),기억장치 제조업 외 3 종,2025-02-06
651,춘천퇴계농공단지,7358802397,033-250-4051,2,수처리기계,강원특별자치도 춘천시 퇴계공단길 94(퇴계동),컨베이어장치 제조업 외 1 종,2025-02-06
652,춘천창촌농공단지,3998102057,033-250-3092,3,"막구조물, 금속재울타리 등",강원특별자치도 춘천시 남산면 보매기길 78,구조용 금속 판제품 및 공작물 제조업 외 5 종,2025-02-06
653,춘천퇴계농공단지,4408801016,070-8895-7349,18,"사무용가구, 가정용싱크대, 화장실 칸막이",강원특별자치도 춘천시 퇴계공단1길 55 (퇴계동),기타 목재가구 제조업 외 4 종,2025-02-06
654,춘천후평일반산업단지,6768602100,033-250-4051,1,가열감자,"강원특별자치도 춘천시 후석로420번길 7,(후평동) 1동 1층 103호",기타 과실ㆍ채소 가공 및 저장 처리업,2025-02-06
655,남춘천일반산업단지,6768602100,070-8895-7349,15,제빵,강원특별자치도 춘천시 동산면 종자리로 33-19,빵류 제조업,2025-02-06
656,퇴계제2농공단지,6708601781,070-8895-7349,5,"자전거 안장, 기능성 방석, 기능성 의자",강원특별자치도 춘천시 퇴계공단2길 61 (퇴계동),그 외 기타 금속가공업 외 3 종,2025-02-06
657,퇴계제2농공단지,5698701533,,4,"사무용기계 및 장비, 옥외용 벤치, 기타종경시설물 등",,사무용 기계 및 장비 제조업,2025-02-06
658,퇴계제2농공단지,2218144297,,9,"화재경보기, 차단기, 콘센트, 수배전반, 전기장비 등",,그 외 기타 전기장비 제조업 외 1 종,2025-02-06
659,퇴계제2농공단지,2218144322,033-250-4051,16,"양념닭갈비, 양념수제돼지갈비",강원특별자치도 춘천시 퇴계공단2길 42 (퇴계동),가금류 가공 및 저장 처리업 외 2 종,2025-02-06
660,퇴계제2농공단지,1058745773,033-250-4051,12,"CCTV,  방송장비",강원특별자치도 춘천시 퇴계공단2길 50 (퇴계동),방송장비 제조업 외 3 종,2025-02-06
661,퇴계제2농공단지,8178601172,,7,"방송장비, 통신장비 등",강원특별자치도 춘천시 퇴계공단2길 63(퇴계동),방송장비 제조업 외 3 종,2025-02-06
662,퇴계제2농공단지,2218116734,,10,"방송장비, 영상감시장치",,방송장비 제조업 외 8 종,2025-02-06
663,춘천퇴계농공단지,2218124840,,3,"디자인형울타리, 조립식구조물 외",강원특별자치도 춘천시 퇴계공단1길 13 (퇴계동),구조용 금속 판제품 및 공작물 제조업 외 3 종,2025-02-06
664,퇴계제2농공단지,2218114944,,10,알루미늄 창호,강원특별자치도 춘천시 퇴계공단2길 68(퇴계동),"금속 문, 창, 셔터 및 관련제품 제조업",2025-02-06
665,춘천퇴계농공단지,1608702806,033-250-4225,5,"기체여과기, 프라즈마악취저감기, 아크악취저감기","강원특별자치도 춘천시 퇴계공단1길 69, 외 1필지(퇴계동 857-6/857-5번지) (퇴계동)",기체 여과기 제조업,2025-02-06
666,춘천창촌농공단지,2158609645,,3,"여성위생 용품, 유기농제품 원사, 직물",강원특별자치도 춘천시 남산면 보매기길 86,연사 및 가공사 제조업 외 1 종,2025-02-06
667,춘천창촌농공단지,,,3,"유기농제품 원사, 직물",강원특별자치도 춘천시 남산면 보매기길 86,연사 및 가공사 제조업,2025-02-06
668,남춘천일반산업단지,3878602194,070-8895-7342,13,동물용 의약품 ,,동물용 의약품 제조업 외 2 종,2025-02-06
669,춘천수동농공단지,1148114438,,29,전자팩스 소프트웨어 개발 및 공급업,강원특별자치도 춘천시 남산면 버들1길 130,시스템 소프트웨어 개발 및 공급업,2025-02-06
670,춘천동춘천일반산업단지,1228703161,033-250-4225,3,일반창고업,강원특별자치도 춘천시 동산면 원무동길 108-3 (산업 5-3),일반 창고업,2025-02-06
671,춘천퇴계농공단지,2048145651,033-250-4051,3,자동제어반,강원특별자치도 춘천시 퇴계농공로 87(퇴계동),배전반 및 전기 자동제어반 제조업,2025-02-06
672,퇴계제2농공단지,2218113829,070-8895-7342,22,"금속가공제품, 가로등주, 조형물 등",강원특별자치도 춘천시 퇴계공단2길 72 (퇴계동),육상 금속 골조 구조재 제조업 외 12 종,2025-02-06
673,퇴계제2농공단지,2498600012,033-250-3655,9,"배전반,자동제어반,분전반",강원특별자치도 춘천시 퇴계공단2길 46 (퇴계동),배전반 및 전기 자동제어반 제조업,2025-02-06
674,춘천후평일반산업단지,3288500827,033-250-4452,3,진생베리농축액,"강원특별자치도 춘천시 후석로420번길 7,(후평동) 1동 9층 918호",그 외 기타 식료품 제조업,2025-02-06
675,춘천후평일반산업단지,2092865579,033-250-3361,70,의류,"강원특별자치도 춘천시 삭주로145번길 14 (후평동, 옥시밸리)",남자용 겉옷 제조업 외 1 종,2025-02-06
676,춘천창촌농공단지,1321868471,033-250-3361,6,도배용사다리,강원특별자치도 춘천시 남산면 보매기길 68 (선일다까치호),그 외 기타 분류 안된 금속 가공 제품 제조업 외 1 종,2025-02-06
677,춘천후평일반산업단지,2212681987,033-250-4225,12,압축분쇄,강원특별자치도 춘천시 공단로 76 (후평동),비금속류 원료 재생업,2025-02-06
678,춘천후평일반산업단지,2210923748,033-250-3361,6,고철,"강원특별자치도 춘천시 삭주로145번길 26 (후평동, 신영D&F)",금속류 해체 및 선별업 외 1 종,2025-02-06
679,춘천후평일반산업단지,1172364617,033-250-4452,1,경영 수업 및 컨설팅,"강원특별자치도 춘천시 후석로420번길 7, 3층 304호(후평동) 3층 304호 3층 304호",경영 컨설팅업,2025-02-06
680,춘천후평일반산업단지,5043178339,033-250-4051,0,열쇠고리,"강원특별자치도 춘천시 소양강로 10, (후평동) 1동 5층 526호",그 외 기타 분류 안된 금속 가공 제품 제조업,2025-02-06
681,춘천퇴계농공단지,2218104072,033-250-4225,6,방송장비,"강원특별자치도 춘천시 퇴계농공로 108 (퇴계동, 성일엔지니어링)",방송장비 제조업,2025-02-06
682,춘천후평일반산업단지,7441701537,033-250-3655,0,컨설팅,"강원특별자치도 춘천시 소양강로 10, (후평동) 1동 7층 719호",경영 컨설팅업,2025-02-06
683,춘천후평일반산업단지,2218127852,033-250-3647,4,암석역학시험,"강원특별자치도 춘천시 후석로420번길 7,(후평동) 1동 5층 535호",기타 자연과학 연구개발업,2025-02-06
684,춘천후평일반산업단지,3062399604,033-250-3647,1,응용소프트웨어 개발 및 공급,"강원특별자치도 춘천시 후석로420번길 7,(후평동) 1동 2층 236호",응용 소프트웨어 개발 및 공급업,2025-02-06
685,춘천동춘천일반산업단지,2218121668,033-250-4051,15,"차선도색 도료, 미끄럼방지포장재",강원특별자치도 춘천시 동산면 원무동길 114,일반용 도료 및 관련제품 제조업 외 4 종,2025-02-06
686,춘천퇴계농공단지,5863300142,033-250-4051,0,계장제어장치,"강원특별자치도 춘천시 퇴계농공로 87, 509호 (퇴계동)",배전반 및 전기 자동제어반 제조업 외 1 종,2025-02-06
687,춘천후평일반산업단지,2210519760,033-250-4051,2,안주,"강원특별자치도 춘천시 후석로420번길 7,(후평동) 1동 2층 214호",수산동물 건조 및 염장품 제조업,2025-02-06
688,춘천퇴계농공단지,2210615266,033-250-4051,3,"폴딩도어, 커튼월, 창호, 자동문",강원특별자치도 춘천시 퇴계농공로 85(퇴계동),"금속 문, 창, 셔터 및 관련제품 제조업",2025-02-06
689,춘천퇴계농공단지,2218146688,033-250-3092,16,"전광판, 영상감시장치, 마을방송(무선), 버스정보안내기 등","강원특별자치도 춘천시 퇴계공단1길 57, 첨단정보통신주식회사 (퇴계동)",전시 및 광고용 조명장치 제조업 외 9 종,2025-02-06
690,춘천후평일반산업단지,2218142455,033-250-4051,1,"크림, 바디워시, 바디로션","강원특별자치도 춘천시 소양강로 32, 312호 (후평동)",화장품 제조업,2025-02-06
691,춘천후평일반산업단지,2213709278,033-250-4051,2,"도시락류, 기타 식사용 가공처리 조리식품","강원특별자치도 춘천시 후석로420번길 7,(후평동) 1동 5층 501호",도시락류 제조업 외 1 종,2025-02-06
692,춘천후평일반산업단지,3635600738,070-8895-7349,1,임대,"강원특별자치도 춘천시 후석로420번길 7,(후평동) 1동 2층 212호 외 1필지",비주거용 건물 임대업,2025-02-06
693,춘천퇴계농공단지,,,2,"소독기, 산업용탈취제",강원특별자치도 춘천시 퇴계공단1길 57(퇴계동),동력식 수지공구 제조업 외 2 종,2025-02-06
694,춘천후평일반산업단지,5220602266,033-250-3655,0,경영컨설팅,"강원특별자치도 춘천시 소양강로 10, 1동 4층 420호 (후평동) 1동 4층 420호",경영 컨설팅업,2025-02-06
695,춘천후평일반산업단지,2210296219,,10,건축설계 및 감리,"강원특별자치도 춘천시 후석로420번길 7,(후평동) 1동 8층 810호 외 1필지",건축설계 및 관련 서비스업,2025-02-06
696,춘천후평일반산업단지,,,7,고철,강원특별자치도 춘천시 공단로70번길 31 (후평동) 외 1필지,금속류 해체 및 선별업 외 1 종,2025-02-06
697,춘천퇴계농공단지,1221116147,,3,비제조업 창고,강원특별자치도 춘천시 퇴계공단1길 41 (퇴계동),기타 보관 및 창고업,2025-02-06
698,춘천퇴계농공단지,2211080099,033-250-4225,15,양념닭갈비,"강원특별자치도 춘천시 퇴계공단길 30, 춘천그린식품 (퇴계동, (주)우동식품)",가금류 가공 및 저장 처리업 외 1 종,2025-02-06
699,퇴계제2농공단지,2211080099,,19,"닭갈비, 소스류",,가금류 가공 및 저장 처리업 외 1 종,2025-02-06
700,퇴계제2농공단지,2211080099,,19,"간편식, 도시락, 즉석식품, 닭갈비 등",,가금류 가공 및 저장 처리업 외 4 종,2025-02-06
701,춘천후평일반산업단지,6783300965,033-250-3655,0,컨설팅,"강원특별자치도 춘천시 소양강로 10, (후평동) 1동 6층 617호",경영 컨설팅업,2025-02-06
702,춘천후평일반산업단지,2218138188,033-250-3361,4,육류포장,강원특별자치도 춘천시 후석로462번길 21 (후평동),육류 기타 가공 및 저장처리업 (가금류 제외) 외 1 종,2025-02-06
703,춘천후평일반산업단지,8900901536,,3,두부,강원특별자치도 춘천시 후석로462번길 21 (후평동),두부 및 유사식품 제조업,2025-02-06
704,춘천퇴계농공단지,2219601384,,0,병원,"강원특별자치도 춘천시 퇴계공단길 40 (퇴계동, 춘천새윤의원)",일반 의원,2025-02-06
705,춘천동춘천일반산업단지,1078807919,070-8895-7349,46,"전기, 열",강원특별자치도 춘천시 동산면 원무동길 82,화력 발전업 외 1 종,2025-02-06
706,춘천후평일반산업단지,2936100020,033-250-3647,1,기타엔지니어링서비스,"강원특별자치도 춘천시 후석로420번길 7,(후평동) 1동 5층 509호",기타 엔지니어링 서비스업,2025-02-06
707,춘천후평일반산업단지,2218201179,,8,우유,"강원특별자치도 춘천시 후석로440번길 10 (후평동, 춘천축산업협동조합)",액상시유 및 기타 낙농제품 제조업 외 3 종,2025-02-06
708,춘천퇴계농공단지,1351093444,,2,비제조업 택배,강원특별자치도 춘천시 퇴계공단1길 41 (퇴계동),택배업,2025-02-06
709,춘천후평일반산업단지,1503001219,,1,세미 트레일러,"강원특별자치도 춘천시 후석로420번길 7,(후평동) 1동 6층 618호",트레일러 및 세미트레일러 제조업,2025-02-06
710,춘천후평일반산업단지,2158678967,033-250-4051,11,화장품,"강원특별자치도 춘천시 후석로420번길 7,(후평동) 1동 7층 704호",화장품 제조업,2025-02-06
711,춘천후평일반산업단지,1110939564,033-250-4813,2,소파 가구,"강원특별자치도 춘천시 후석로462번길 10 (후평동, 대왕가구공장)",소파 및 기타 내장가구 제조업 외 1 종,2025-02-06
712,춘천후평일반산업단지,8380302383,033-250-4452,1,"자료분석, 자료처리","강원특별자치도 춘천시 소양강로 10, 622호 (후평동)",자료 처리업,2025-02-06
713,춘천후평일반산업단지,1760102369,033-250-3647,1,시장조사 및 여론조사 결과 보고,"강원특별자치도 춘천시 후석로420번길 7,(후평동) 1동 9층 906호 외 4필지",시장조사 및 여론조사업,2025-02-06
714,춘천퇴계농공단지,1028141121,,16,창고업,"강원특별자치도 춘천시 퇴계공단1길 41, 코카콜라음료(주) (퇴계동) 외 2필지",일반 창고업,2025-02-06
715,춘천거두농공단지,2218148124,033-250-4051,3,"LED조명기구, LED경관조명","강원특별자치도 춘천시 동내면 거두단지길 33, 콘카그린라이팅(주)",기타 조명장치 제조업 외 2 종,2025-02-06
716,춘천후평일반산업단지,8091401868,033-250-3647,9,"전시, 컨벤션 및 행사 대행","강원특별자치도 춘천시 후석로420번길 7, 1동 2층 229호 (후평동) 1동 2층 229호","전시, 컨벤션 및 행사 대행업",2025-02-06
717,춘천후평일반산업단지,8628700511,033-250-4452,2,"제품디자인, 로고디자인","강원특별자치도 춘천시 후석로420번길 7, (후평동) 1동 4층 401호",시각 디자인업,2025-02-06
718,춘천후평일반산업단지,6683300804,070-8895-7342,1,플라스틱제품(3D프린터활용),"강원특별자치도 춘천시 후석로462번길 7, 3층 314호 (후평동) 3층 314호",그 외 기타 플라스틱 제품 제조업,2025-02-06
719,춘천창촌농공단지,8847600031,033-250-4051,10,PVC샷시,강원특별자치도 춘천시 남산면 보매기길 75,플라스틱 창호 제조업,2025-02-06
720,춘천퇴계농공단지,2210435706,033-250-3361,5,"수배전반,전기변환장치등","강원특별자치도 춘천시 퇴계공단1길 41, 20번 (퇴계동, 아주택배)",배전반 및 전기 자동제어반 제조업 외 12 종,2025-02-06
721,춘천후평일반산업단지,1214451101,033-250-4452,1,"동결 건조기, 적외선 건조기, 저온 미분쇄기, 발효장치","강원특별자치도 춘천시 후석로420번길 7,(후평동) 1동 5층 519호",농업 및 임업용 기계 제조업 외 2 종,2025-02-06
722,춘천후평일반산업단지,7814000954,070-8895-7342,1,컨설팅,"강원특별자치도 춘천시 소양강로 10, (후평동) 1동 3층 312호",경영 컨설팅업,2025-02-06
723,춘천퇴계농공단지,1320935911,070-8895-7349,0,"주방용품, 임대업","강원특별자치도 춘천시 퇴계공단1길 77, 퇴계산업 (퇴계동)",금속 위생용품 제조업 외 1 종,2025-02-06
724,춘천후평일반산업단지,2550802152,070-8895-7349,0,경영컨설팅,"강원특별자치도 춘천시 소양강로 10, (후평동) 1동 5층 520호",경영 컨설팅업,2025-02-06
725,춘천후평일반산업단지,6130479960,,2,"도복, 띠, 체육복","강원특별자치도 춘천시 후석로420번길 7,(후평동) 1동 5층 526호","근무복, 작업복 및 유사의복 제조업",2025-02-06
726,춘천후평일반산업단지,1338801286,,15,"의류, 스포츠용품","강원특별자치도 춘천시 삭주로145번길 45, 파인어패럴 (후평동)",셔츠 및 블라우스 제조업 외 5 종,2025-02-06
727,춘천퇴계농공단지,2218117408,033-250-4813,4,동충하초균사(버섯균사체),"강원특별자치도 춘천시 퇴계공단1길 23 (퇴계동, 팬바이오텍)",기타 과실ㆍ채소 가공 및 저장 처리업,2025-02-06
728,춘천후평일반산업단지,5250502045,033-250-3647,2,"토목건설 측량, 도면설계","강원특별자치도 춘천시 후석로420번길 7,(후평동) 1동 7층 711호",기타 엔지니어링 서비스업,2025-02-06
729,춘천후평일반산업단지,6721301177,033-250-4051,2,원목가구,"강원특별자치도 춘천시 후석로420번길 7,(후평동) 1동 3층 334호",목재 도구 및 주방용 나무제품 제조업 외 2 종,2025-02-06
730,춘천후평일반산업단지,6307500380,033-250-3647,2,포장모종,"강원특별자치도 춘천시 후석로420번길 7,(후평동) 1동 9층 913호",포장 및 충전업,2025-02-06
731,춘천창촌농공단지,2218106916,070-8895-7349,13,곡물가공,강원특별자치도 춘천시 남산면 보매기길 87 ((주)푸른곡산),곡물 제분업,2025-02-06
732,춘천후평일반산업단지,2211198150,033-250-4452,1,"엽서, 캘린더 및 기타인쇄물, 컴퓨터 및 소프트웨어 설치 등","강원특별자치도 춘천시 후석로420번길 7,(후평동) 1동 8층 822호",기타 인쇄물 출판업 외 1 종,2025-02-06
733,춘천후평일반산업단지,6204000794,070-8895-7349,1,임대업,"강원특별자치도 춘천시 소양강로 10, 604호 (후평동)",비주거용 건물 임대업,2025-02-06
734,춘천창촌농공단지,3680103216,070-8895-7349,2,"막구조물, 차양, 금속재패널",강원특별자치도 춘천시 남산면 보매기길 65,"천막, 텐트 및 유사 제품 제조업 외 3 종",2025-02-06
735,춘천후평일반산업단지,4358100490,033-250-3647,6,"방송영상, 바이럴 홍보영상, 온라인 생중계, 전시, 행사 대행","강원특별자치도 춘천시 후석로420번길 7,(후평동) 1동 9층 901호",방송 프로그램 제작업 외 1 종,2025-02-06
736,춘천퇴계농공단지,2212685261,,2,비제조업 창고,강원특별자치도 춘천시 퇴계공단1길 41 (퇴계동),기타 보관 및 창고업,2025-02-06
737,춘천후평일반산업단지,,033-250-3647,1,목재가구 및 주방가구,"강원특별자치도 춘천시 후석로420번길 7, 1동 5층 520호(후평동) 1동 5층 520호",비주거용 건물 임대업,2025-02-06
738,남춘천일반산업단지,8388602334,033-250-4225,0,"전기오븐, 전기밥솥, 냉장고, 냉동고 제조, 전기토스트, 전기오븐, 아이스크림제조기기, 주방쿠커 기기 제조, 블루투스이어폰 제조",,주방용 전기기기 제조업,2025-02-06
739,춘천후평일반산업단지,3258100683,033-250-4452,2,두부 등,"강원특별자치도 춘천시 후석로420번길 7,(후평동) 1동 3층 318호",두부 및 유사식품 제조업,2025-02-06
740,춘천후평일반산업단지,1715700475,070-8895-7349,1,임대,"강원특별자치도 춘천시 후석로420번길 7,(후평동) 1동 2층 217호 외 1필지",비주거용 건물 임대업,2025-02-06
741,춘천후평일반산업단지,4182061996,033-250-3647,1,애니메이션,"강원특별자치도 춘천시 후석로420번길 7,(후평동) 1동 7층 728호",애니메이션 영화 및 비디오물 제작업,2025-02-06
742,춘천동춘천일반산업단지,2248207532,,5,천연가스,강원특별자치도 춘천시 동산면 원무동길 67,연료용 가스 제조 및 배관공급업,2025-02-06
743,춘천후평일반산업단지,2218100310,,73,"콘돔,휭가코트","강원특별자치도 춘천시 삭주로145번길 61 (후평동, (주)한국라텍스공업)",고무 의류 및 기타 위생용 비경화 고무제품 제조업,2025-02-06
744,춘천후평일반산업단지,2218100310,,1,콘돔등 고무제품,"강원특별자치도 춘천시 삭주로145번길 85 (후평동, 안국폐차장) (총 2 필지) 외 1필지",고무 의류 및 기타 위생용 비경화 고무제품 제조업,2025-02-06
745,춘천창촌농공단지,3108603645,070-8895-7349,3,"탈취제, 피톤치드","강원특별자치도 춘천시 남산면 보매기길 74, 마동",표면광택제 및 실내가향제 제조업,2025-02-06
746,춘천후평일반산업단지,2211198150,033-250-3655,11,자문컨설팅,"강원특별자치도 춘천시 후석로420번길 7,(후평동) 1동 7층 719호 외 1필지",경영 컨설팅업,2025-02-06
747,춘천거두농공단지,2058140116,033-0250-4813,217,바이오의약품,강원특별자치도 춘천시 동내면 거두단지1길 11,생물학적 제제 제조업,2025-02-06
748,춘천후평일반산업단지,8295500380,033-250-4051,1,인지놀이 교구,"강원특별자치도 춘천시 후석로420번길 7,(후평동) 1동 7층 727호",인형 및 장난감 제조업 외 2 종,2025-02-06
749,춘천후평일반산업단지,7442201168,033-250-3647,1,"지식재산 서적 출판, 전자출판, 연구 보고, 교육, 상담관련 결과물 등","강원특별자치도 춘천시 후석로420번길 7,(후평동) 1동 4층 434호",기타 인쇄물 출판업,2025-02-06
750,춘천후평일반산업단지,5545400780,033-250-3655,0,소프트웨어,"강원특별자치도 춘천시 소양강로 10, (후평동) 1동 7층 706호",시스템 소프트웨어 개발 및 공급업,2025-02-06
751,춘천퇴계농공단지,2219048392,,0,고추가루,"강원특별자치도 춘천시 퇴계농공로 94, 한일농산 (퇴계동)",천연 및 혼합조제 조미료 제조업,2025-02-06
752,춘천남면일반산업단지,1358104771,033-0250-4813,212,"헤파멜즈산,뮤테란캅셀,세보칸정외",강원특별자치도 춘천시 남면 약암길 109,완제 의약품 제조업 외 2 종,2025-02-06
753,춘천퇴계농공단지,2218110759,,20,"합성목제,금속구조물","강원특별자치도 춘천시 퇴계공단길 94 (퇴계동, 재활용선별장)",구조용 금속 판제품 및 공작물 제조업 외 15 종,2025-02-06
754,퇴계제2농공단지,2218127115,070-8895-7342,8,"LED전광판, 기타 전기장비, 제어분전반, 방송장비, 영상장비, 통신장비, 교육훈련장비",강원특별자치도 춘천시 퇴계공단2길 33 (퇴계동),기타 전기 변환장치 제조업 외 9 종,2025-02-06
755,춘천퇴계농공단지,2668501343,,5,비제조업 창고,강원특별자치도 춘천시 퇴계공단1길 41 (퇴계동),기타 보관 및 창고업,2025-02-06
756,춘천후평일반산업단지,5604400656,033-250-3655,0,소프트웨어,"강원특별자치도 춘천시 소양강로 10, (후평동) 1동 8층 801호",시스템 소프트웨어 개발 및 공급업,2025-02-06
757,춘천동춘천일반산업단지,1018116406,033-250-4225,17,창고업 ,강원특별자치도 춘천시 동산면 봉명리 1103-1번지,일반 창고업,2025-02-06
758,춘천창촌농공단지,2250382408,,5,"막구조물, 금속재울타리",강원특별자치도 춘천시 남산면 보매기길 78,"천막, 텐트 및 유사 제품 제조업 외 10 종",2025-02-06
759,춘천후평일반산업단지,5643200941,033-250-4051,4,"탁구라켓, 도마, 목재, 숟가락 등","강원특별자치도 춘천시 후석로420번길 7, 1동 2층 211호(후평동) 1동 2층 211호 외 2필지",목재 도구 및 주방용 나무제품 제조업,2025-02-06
760,춘천후평일반산업단지,1916900337,033-250-4452,1,닭갈비,"강원특별자치도 춘천시 후석로420번길 7,(후평동) 1동 3층 335호",가금류 가공 및 저장 처리업,2025-02-06
761,춘천후평일반산업단지,1127282414,070-8895-7349,0,인테리어 디자인,"강원특별자치도 춘천시 소양강로 10, 6층 610호 (후평동) 6층 610호",인테리어 디자인업,2025-02-06
762,춘천후평일반산업단지,2783400874,,1,조립식판넬,"강원특별자치도 춘천시 후석로462번길 16 (후평동, 호동판넬)",구조용 금속 판제품 및 공작물 제조업,2025-02-06
763,춘천퇴계농공단지,2213814079,033-0250-4813,1,"제책,제본(리플릿)",강원특별자치도 춘천시 퇴계공단1길 41 (퇴계동),제책업,2025-02-06
764,춘천창촌농공단지,2218115185,033-250-4225,5,알루미늄제교량난간,"강원특별자치도 춘천시 남산면 보매기길 74, 다동",구조용 금속 판제품 및 공작물 제조업 외 1 종,2025-02-06
765,춘천후평일반산업단지,6702001349,070-8895-7349,0,경영컨설팅,"강원특별자치도 춘천시 소양강로 10, (후평동) 1동 4층 416호",경영 컨설팅업,2025-02-06
766,춘천후평일반산업단지,5286900316,070-8895-7349,2,응용소프트웨어개발,"강원특별자치도 춘천시 소양강로 10, 4층 415호 (후평동) 4층 415호",응용 소프트웨어 개발 및 공급업,2025-02-06
767,춘천후평일반산업단지,5560102487,033-250-3647,1,환경정화 및 복원업. 건물위생관리,"강원특별자치도 춘천시 후석로420번길 7,(후평동) 1동 7층 733호",기타 환경 정화 및 복원업,2025-02-06
768,춘천후평일반산업단지,1142179494,033-250-3655,0,컨설팅,"강원특별자치도 춘천시 소양강로 10, (후평동) 1동 3층 318호",경영 컨설팅업,2025-02-06
769,춘천거두농공단지,,033-250-4051,62,보톨렉스주,강원특별자치도 춘천시 동내면 거두단지1길 23,생물학적 제제 제조업,2025-02-06
770,춘천후평일반산업단지,3018159325,070-8895-7342,14,"LPG용기용밸브,가스차단장치","강원특별자치도 춘천시 후석로420번길 26 (후평동, 휴콘스테크놀로지)",기기용 자동측정 및 제어장치 제조업 외 1 종,2025-02-06
771,춘천후평일반산업단지,4121252572,033-250-3647,1,아로마테라피 용품,"강원특별자치도 춘천시 후석로420번길 7,(후평동) 1동 6층 613호",제품 디자인업,2025-02-06
